#missing_number - questionoption1: 숫자 간 간격 / questionoption2: 괄호 위치(미지정 시 랜덤) / questionoption3: ascending, descending 지정 가능, 없으면 둘 중 하나 / answerpoint1: 시작 수 세팅 (10=10의 배수, 5=5의 배수..), 없으면 랜덤                                                                                         #operations_with_objects - questionoption2: regroupingtrue시 받아올림,받아내림 강제. regroupingfalse시 받아올림, 받아내림 없음. 없으면 둘 중 하나.                                                                                         #operations_without_objects - questionoption3: vertical시 세로 연산. horizontal시 가로 연산. 없으면 둘 중 하나.                                                                                         #biggest_and_smallest - questionoption1: biggest시 가장 큰 수. smallest시 가장 작은 수.                                                                                         #bigger_and_smaller - questionoption1: bigger시 더 큰 수. smaller시 더 작은 수. / questionoption2: image, number 지정, 없으면 둘 중 하나 / questionoption3: image의 경우 lineup을 기재하면 정렬됨                                                                                         #compare_number_magnitudes - questionoption1: ascending, descending 지정 가능, 없으면 둘 중 하나 / answeroption1: 숫자 간 간격 지정, 없으면 지정하지 않음.                                                                                         #shapes - questionoption1: 질문, 음성 파일 명과 일치해야 함 / answerrange: 항목 중 답변을 하나 선택. 이미지 파일 명과 일치해야 함 / answeroption1 항목 중 보기 선택. 이미지 파일 명과 일치해야 함"
#level	worksheet	leveltypesequence	type	templatename	questionoption1	questionoption2	questionoption3	questionoption4	questionoption5	answer	answeroption1			
PostTest_1	1	1001, 1001, 1002, 1002, 1003, 1004, 1004, 1005, 1005, 1006												
			1001	single_digit_numbers	कितने हैं?					1~5				
			1002	single_digit_numbers	कितने हैं?					4~9				
			1003	2digit_numbers	कितने हैं?					10	5~10			
			1004	recognize_number						1~9				
			1005	number_identification						1~9				
			1006	recognize_number						10	5~10			
PostTest_2	1	2001, 2002, 2001~2002, 2003, 2004, 2005, 2006, 2007, 2008, 2009												
			2001	2digit_numbers	कितने हैं?					11~15				
			2002	2digit_numbers	कितने हैं?					16~20				
			2003	recognize_number						16~19				
			2004	recognize_number						20	11~20			
			2005	number_identification						11~15				
			2006	bigger_and_smaller	bigger	image	lineup	کونسا گروہ چھوٹا ہے؟	कौन सा समूह बड़ा है	1~10				
			2007	bigger_and_smaller	smaller	image	lineup	کونسا گروہ چھوٹا ہے؟	 कौन सा समूह छोटा है	1~10				
			2008	bigger_and_smaller	bigger	number		کون سا عدد بڑا ہے؟	 कौन सा बड़ा है	1~10				
			2009	bigger_and_smaller	smaller	number		کون سا عدد چھوٹا ہے؟	कौन सा छोटा है	1~10				
MiniTest_3_1	1	31001, 31002, 31003, 31004, 31005												
			31001	2digit_numbers	कितने हैं?					10~20				
			31002	2digit_numbers	कितने हैं?					17~20				
			31003	recognize_number						1~20				
			31004	number_identification						11~19				
			31005	missing_number_drag	1	4	ascending			1~5				
MiniTest_3_2	1	32001, 32001, 32002, 32002, 32003												
			32001	operations_with_objects	1~4+1~4=?					2~5				
			32002	operations_with_objects	2~5-1~4=?					1~4				
			32003	missing_number_drag	1	4	descending			1~5				
MiniTest_3_3	1	33001, 33002, 33003, 33004, 33005												
			33001	bigger_and_smaller	bigger	number		کون سا عدد بڑا ہے؟	 कौन सा बड़ा है	1~10				
			33002	bigger_and_smaller	smaller	number		کون سا عدد چھوٹا ہے؟	कौन सा छोटा है	1~10				
			33003	biggest_and_smallest	biggest	کون سا عدد سب سے بڑا ہے؟	कौन सा सबसे बड़ा है			1~10				
			33004	biggest_and_smallest	smallest	کون سا عدد سب سے چھوٹا ہے؟	कौन सा सबसे छोटा है			1~10				
			33005	compare_number_magnitudes	ascending	اعداد کو چھوٹے سے بڑے کی ترتیب دیں	सबसे छोटे से लेकर सबसे बड़े तक के क्रम में सख्या को रखे			1~10				
PostTest_3	1	3001, 3002, 3003~3004, 3005, 3006, 3007~3008, 3009, 3010, 3011, 3012												
			3001	2digit_numbers	कितने हैं?					21~50				
			3002	recognize_number						21~50				
			3003	bigger_and_smaller	bigger	number		کون سا عدد بڑا ہے؟	 कौन सा बड़ा है	1~20				
			3004	bigger_and_smaller	smaller	number		کون سا عدد چھوٹا ہے؟	कौन सा छोटा है	1~20				
			3005	compare_number_magnitudes	ascending	اعداد کو چھوٹے سے بڑے کی ترتیب دیں	सबसे छोटे से लेकर सबसे बड़े तक के क्रम में संख्या को रखे			1~10				
			3006	compare_number_magnitudes	ascending	اعداد کو چھوٹے سے بڑے کی ترتیب دیں	सबसे छोटे से लेकर सबसे बड़े तक के क्रम में संख्या को रखे			1~20				
			3007	biggest_and_smallest	biggest	کون سا عدد سب سے بڑا ہے؟	कौन सा सबसे बड़ा है			1~20				
			3008	biggest_and_smallest	smallest	کون سا عدد سب سے چھوٹا ہے؟	कौन सा सबसे छोटा है			1~20				
			3009	missing_number_drag	1	3	ascending			1~10				
			3010	missing_number_drag	1	4	descending			1~10				
			3011	operations_with_objects	1~10+1~10=?	regroupingfalse				1~10				
			3012	operations_with_objects	1~10-1~10=?	regroupingfalse				1~10				
MiniTest_4_1	1	41001, 41002, 41003, 41004, 41005												
			41001	recognize_number						21~50				
			41002	number_identification						51~99				
			41003	compare_number_magnitudes	ascending	اعداد کو چھوٹے سے بڑے کی ترتیب دیں	सबसे छोटे से लेकर सबसे बड़े तक के क्रम में संख्या को रखे			1~20				
			41004	missing_number_drag	1	4	ascending			1~10				
			41005	bigger_and_smaller	bigger	number		کون سا عدد بڑا ہے؟	 कौन सा बड़ा है	20~50				
MiniTest_4_2	1	42001, 42002, 42003, 42004, 42005~42008												
			42001	2digit_numbers	कितने हैं?					51~100				
			42002	compare_number_magnitudes	ascending	اعداد کو چھوٹے سے بڑے کی ترتیب دیں	सबसे छोटे से लेकर सबसे बड़े तक के क्रम में संख्या को रखे			1~20				
			42003	operations_with_objects	2~10-1~4=?					1~9				
			42004	operations_with_objects	2~10-5~9=?					1~9				
			42005	shapes	which	کون سی شکل سرکل ہے؟	कौनसा सरकल है?			circle	circle,square,triangle,rectangle			
			42006	shapes	which	کون سی شکل اسکوائر ہے؟	कौनसा स्क्वायर है?			square	circle,square,triangle,rectangle			
			42007	shapes	which	کون سی شکل ٹرائینگل ہے؟	कौनसा ट्रायंगल है?			triangle	circle,square,triangle,rectangle			
			42008	shapes	which	کون سی شکل رکٹینگل ہے؟	कौन सा रैक्टेंगल है?			rectangle	circle,square,triangle,rectangle			
PostTest_4	1	4001, 4002, 4003, 4004~4005, 4006, 4007, 4008, 4009~4010, 4011~4014, 4015												
			4001	2digit_numbers	कितने हैं?					51~100				
			4002	number_identification						51~99				
			4003	use_magnitude_symbols	11~50	11~50	خالی جاگہ میں بھریں .	 खाली स्थान भरें						
			4004	biggest_and_smallest	biggest	کون سا عدد سب سے بڑا ہے؟	कौन सा सबसे बड़ा है			11~50				
			4005	biggest_and_smallest	smallest	کون سا عدد سب سے چھوٹا ہے؟	कौन सा सबसे छोटा है			11~50				
			4006	compare_number_magnitudes	ascending	اعداد کو چھوٹے سے بڑے کی ترتیب دیں	सबसे छोटे से लेकर सबसे बड़े तक के क्रम में संख्या को रखे			1~50				
			4007	missing_number_drag	1	4	descending			1~20				
			4008	missing_number_drag	2	3	ascending			1~20	2			
			4009	operations_with_objects	1~20+1~20=?	regroupingfalse				1~20				
			4010	operations_with_objects	1~20-1~20=?	regroupingfalse				1~20				
			4011	shapes	which	کون سی شکل سرکل ہے؟	कौनसा सरकल है?			circle	circle,square,triangle,rectangle			
			4012	shapes	which	کون سی شکل اسکوائر ہے؟	कौनसा स्क्वायर है?			square	circle,square,triangle,rectangle			
			4013	shapes	which	کون سی شکل ٹرائینگل ہے؟	कौनसा ट्रायंगल है?			triangle	circle,square,triangle,rectangle			
			4014	shapes	which	کون سی شکل رکٹینگل ہے؟	कौन सा रैक्टेंगल है?			rectangle	circle,square,triangle,rectangle			
			4015	shapes	what	شکل پہچانیں؟	यह कौन सा आकार है?			circle,square,triangle,rectangle	circle,square,triangle,rectangle			
MiniTest_5_1	1	51001, 51002, 51003, 51004, 51005												
			51001	operations_drag	1~9+1~9=?		horizontal			1~10				
			51002	operations_drag	1~10-1~9=?		horizontal			1~9					
			51003	operations_drag	10-1~9=?		horizontal			1~9					
			51004	biggest_and_smallest	biggest	کون سا عدد سب سے بڑا ہے؟	कौन सा सबसे बड़ा है			11~50				
			51005	missing_number_drag	1	4	descending			1~20
MiniTest_5_2	1	52001, 52002, 52003, 52004, 52005												
			52001	operations_drag	10+1~9=?		vertical			11~19				
			52002	operations_drag	11~20+1~10=?		vertical			11~19				
			52003	missing_number_drag	10	4	ascending			1~50	10				
			52004	operations_with_objects	1~9+1~9=?					10				
			52005	use_magnitude_symbols	11~50	11~50	خالی جاگہ میں بھریں .	 खाली स्थान भरें						
MiniTest_5_3	1	53001, 53002, 53003, 53004, 53005												
			53001	operations_with_objects	1~9+1~9=?	regroupingtrue				1~20				
			53002	operations_with_objects	10-1~9=?	regroupingtrue				1~9				
			53003	operations_drag	11~20-1~10=?		vertical			10~20				
			53004	compare_number_magnitudes	ascending	اعداد کو چھوٹے سے بڑے کی ترتیب دیں	सबसे छोटे से लेकर सबसे बड़े तक के क्रम में संख्या को रखे			1~50				
			53005	shapes	what	شکل پہچانیں؟	यह कौन सा आकार है?			pentagon,hexagon,parallelogram,trapezoid	pentagon,hexagon,parallelogram,trapezoid			
PostTest_5	1	5001, 5002~5003, 5004~5007, 5008~5010, 5011, 5012, 5013, 5014, 5015~5018, 5019												
			5001	recognize_number						51~100				
			5002	use_magnitude_symbols	41~50	41~50	خالی جاگہ میں بھریں .	 खाली स्थान भरें						
			5003	use_magnitude_symbols	16~19	31~34	خالی جاگہ میں بھریں .	 खाली स्थान भरें						
			5004	biggest_and_smallest	biggest	کون سا عدد سب سے بڑا ہے؟	कौन सा सबसे बड़ा है			11~50				
			5005	biggest_and_smallest	smallest	کون سا عدد سب سے چھوٹا ہے؟	कौन सा सबसे छोटा है			11~50				
			5006	compare_number_magnitudes	ascending	اعداد کو چھوٹے سے بڑے کی ترتیب دیں	सबसे छोटे से लेकर सबसे बड़े तक के क्रम में संख्या को रखे			11~50				
			5007	compare_number_magnitudes	descending	اعداد کو بڑے سے چھوٹے کی ترتیب دیں	सबसे बड़े से लेकर सबसे छोटे तक के क्रम में संख्या को रखे			11~50				
			5008	missing_number_drag	1	2	ascending			1~50				
			5009	missing_number_drag	5	3	ascending			1~50	5			
			5010	missing_number_drag	10	4	descending			1~50	10			
			5011	operations_with_objects	1~9+1~9=?	regroupingtrue				11~18				
			5012	operations_drag	1~9+1~9=?		vertical			10				
			5013	operations_drag	10+1~10=?		horizontal			11~19				
			5014	operations_drag	10-1~9=?		vertical			1~9				
			5015	shapes	which	کون سی شکل پینٹاگون ہے؟	कौनसा पेंटागॉन  है?			pentagon	pentagon,hexagon,parallelogram,trapezoid			
			5016	shapes	which	کون سی شکل ہیگژاگون ہے؟	कोनसा हेक्सागॉन है ?			hexagon	pentagon,hexagon,parallelogram,trapezoid			
			5017	shapes	which	کون سی شکل پیرللوگرام ہے؟	कौनसा पॅरललोग्राम है?			parallelogram	pentagon,hexagon,parallelogram,trapezoid			
			5018	shapes	which	کون سی شکل ٹریپیزوئڈ ہے؟	कौनसा ट्रापेज़ोइड है?			trapezoid	pentagon,hexagon,parallelogram,trapezoid			
			5019	shapes	what	شکل پہچانیں؟	यह कौन सा आकार है?			cylinder,cube,sphere,cone	cylinder,cube,sphere,cone			
MiniTest_6_1	1	61001, 61002, 61003, 61004, 61005												
			61001	missing_number_drag	1	3	ascending			51~100				
			61002	missing_number_drag	10	4	ascending			51~100	10			
			61003	number_identification						51~100				
			61004	operations_with_objects	11~19+1~9=?	regroupingtrue				20				
			61005	operations_drag	1~9+1~9=?	regroupingtrue	vertical			10~19				
MiniTest_6_2	1	62001~62002, 62003, 62004, 62005, 62006												
			62001	biggest_and_smallest	biggest	کون سا عدد سب سے بڑا ہے؟	कौन सा सबसे बड़ा है			51~100				
			62002	biggest_and_smallest	smallest	کون سا عدد سب سے چھوٹا ہے؟	कौन सा सबसे छोटा है			51~100				
			62003	use_magnitude_symbols	51~100	51~100	خالی جاگہ میں بھریں .	 खाली स्थान भरें						
			62004	operations_drag	11~20-10=?		horizontal			1~10
			62005	operations_drag	11~20-1~9=?	regroupingtrue	vertical			1~10
			62006	compare_number_magnitudes	ascending	اعداد کو چھوٹے سے بڑے کی ترتیب دیں	सबसे छोटे से लेकर सबसे बड़े तक के क्रम में संख्या को रखे			51~99				
MiniTest_6_3	1	63001, 63002, 63003, 63004~63005, 63006												
			63001	missing_number_drag	10	3	descending			51~100	10			
			63002	operations_with_objects	11~20-1~9=?	regroupingtrue				1~20				
			63003	operations_drag	1~20+1~20=?	regroupingtrue	vertical			20				
			63004	operations_drag	20-1~9=?	regroupingtrue	vertical			11~19				
			63005	operations_drag	20-11~19=?	regroupingtrue	vertical			1~9				
			63006	compare_number_magnitudes	ascending	اعداد کو چھوٹے سے بڑے کی ترتیب دیں	सबसे छोटे से लेकर सबसे बड़े तक के क्रम में संख्या को रखे			71~99				
PostTest_6	1	6001, 6002, 6003, 6004~6005, 6006~6007, 6008~6009, 6010, 6011, 6012, 6013~6014												
			6001	recognize_number						51~100				
			6002	3digit_numbers	कितने हैं?					100~110				
			6003	use_magnitude_symbols	51~100	51~100	خالی جاگہ میں بھریں .	 खाली स्थान भरें						
			6004	biggest_and_smallest	biggest	کون سا عدد سب سے بڑا ہے؟	कौन सा सबसे बड़ा है			51~100				
			6005	biggest_and_smallest	smallest	کون سا عدد سب سے چھوٹا ہے؟	कौन सा सबसे छोटा है			51~100				
			6006	missing_number_drag	10	2	ascending			50~100	10			
			6007	missing_number_drag	5	2	ascending			51~100	5			
			6008	missing_number_drag	1	3	descending			51~100				
			6009	missing_number_drag	10	3	descending			51~100	10			
			6010	operations_with_objects	1~9+1~9=?	regroupingtrue				11~18				
			6011	operations_with_objects	11~20-1~9=?	regroupingtrue				2~19				
			6012	operations_drag	11~20-1~10=?	regroupingfalse	horizontal			1~10				
			6013	operations_drag	11~19+1~9=?	regroupingtrue	vertical			20				
			6014	operations_drag	20-1~9=?	regroupingtrue	vertical			11~19				
MiniTest_7_1	1	71001,71002, 71003, 71004, 71005												
			71001	missing_number_drag	3	4	ascending			1~20	3			
			71002	operations_with_objects	11~19-1~9=?	regroupingtrue				1~9				
			71003	operations_drag	1~10+1~10=?	regroupingtrue	vertical			10~20				
			71004	compare_number_magnitudes	ascending	اعداد کو چھوٹے سے بڑے کی ترتیب دیں	सबसे छोटे से लेकर सबसे बड़े तक के क्रम में संख्या को रखे			51~99				
			71005	word_problem	7 سرخ سیب اور 2 سبز سیب ٹوکری میں ہیں. کتنے سیب ٹوکری میں ہیں ؟	Seven रेड एप्पल और two ग्रीन एप्पल टोकरी में हैं। टोकरी में कितने एप्पल हैं?				9				
MiniTest_7_2	1	72001, 72002, 72003, 72004, 72005												
			72001	missing_number_drag	2	4	descending			1~10	2			
			72002	operations_drag	11~19+11~19=?	regroupingfalse	horizontal			20~30				
			72003	operations_drag	20-1~10=?		horizontal			1~10				
			72004	compare_number_magnitudes	descending	اعداد کو بڑے سے چھوٹے کی ترتیب دیں	सबसे बड़े से लेकर सबसे छोटे तक के क्रम में संख्या को रखे			51~99				
			72005	word_problem	بلی كے پاس 2 مربلیس ہیں . اینڈرے كے پاس بلی سے 3 زیادہ مربلیس ہیں . اینڈرے كے پاس کل کتنے مربلیس ہیں ؟	बिली के पास two मार्बल्स हैं। ऑड्रे के पास बिली की तुलना में three अधिक मार्बल्स हैं। ऑड्रे के पास कितने मार्बल्स हैं?				5				
MiniTest_7_3	1	73001, 73002, 73003, 73004, 73005												
			73001	compare_number_magnitudes	ascending	اعداد کو چھوٹے سے بڑے کی ترتیب دیں	सबसे छोटे से लेकर सबसे बड़े तक के क्रम में संख्या को रखे			71~99				
			73002	missing_number_drag	2	3	descending			11~30	2			
			73003	operations_with_objects	11~19+11~19=?	regroupingtrue				20~40				
			73004	operations_drag	21~50-10~20=?	regroupingfalse	vertical			1~40				
			73005	word_problem	5 ٹیبل پر 5 سب رکھے ہیں . سام 2 سب کھا لیتا ہے . ٹیبل پر اب کتنے سب بچے ہیں ؟	Five एपल्स टेबल पर हैं। सैम two एपल्स खाता है। टेबल पर कितने सेब बचे हैं?				3				
PostTest_7	1	7001, 7002~7003, 7004, 7005, 7006~7007, 7008, 7009, 7010~7011, 7012, 7013												
			7001	use_magnitude_symbols	51~100	51~100	خالی جاگہ میں بھریں .	 खाली स्थान भरें						
			7002	compare_number_magnitudes	ascending	اعداد کو چھوٹے سے بڑے کی ترتیب دیں	सबसे छोटे से लेकर सबसे बड़े तक के क्रम में संख्या को रखे			51~100				
			7003	compare_number_magnitudes	descending	اعداد کو بڑے سے چھوٹے کی ترتیب دیں	सबसे बड़े से लेकर सबसे छोटे तक के क्रम में संख्या को रखे			51~100				
			7004	missing_number_drag	3	4	ascending			10~50	3			
			7005	missing_number_drag	5	3	descending			10~50	5			
			7006	operations_with_objects	11~19+1~9=?	regroupingtrue				20~30				
			7007	operations_with_objects	1~9+11~19=?	regroupingtrue				20~30				
			7008	operations_with_objects	11~19+11~19=?	regroupingtrue				20~40				
			7009	operations_drag	11~50-11~30=?	regroupingfalse	vertical			1~50				
			7010	word_problem	اسٹاکی نے صبح 5 مچھلیاں پکڑی. اس نے دوپہر میں 4 اور مچھلیاں پکڑی. اسٹاکی نے سب ملکر کتنی مچھلیاں پکڑی؟	स्टैसी ने सुबह 5 मछलियाँ पकड़ीं। उसने दोपहर में 4 और मछलियाँ पकड़ीं। स्टैसी ने कुल कितनी मछली पकड़ी?				9				
			7011	word_problem	ہینری كے پاس 4 اسٹیمپس ہیں. ایرک كے پاس ہینری سے 5 اسٹیمپس زیادہ ہیں. ایرک كے پاس کتنے اسٹیمپس ہیں؟	हेनरी के पास 4 डाक टिकट हैं। एरिक के पास हेनरी की तुलना में 5 अधिक डाक टिकट हैं। एरिक के पास कितने डाक टिकट हैं?				8				
			7012	word_problem	ہینری كے پاس 4 اسٹیمپس ہیں . ایرک كے پاس ہینری سے 5 زیادہ ڈال اسٹیمپس ہیں . ایرک كے پاس کتنے ستماپس ہیں ؟	एक पेड़ की शाखा पर 8 पक्षी बैठे हैं। कुछ उड़ गए। अब शाखा पर 3 पक्षी हैं। कितने पक्षी उड़ गए?				3				
			7013	word_problem	آپ کے پاس 7 گببارے ہے اور آپ کے دوست کے پاس ہیں 5 گببارے . کتنے زیادہ گببارے آپ کے پاس دوست کے مقابلے میں ہے ؟	आपके पास 7 गुब्बारे हैं और आपके मित्र के पास 5 गुब्बारे हैं। आपके मित्र के मुकाबले आपके पास कितने गुब्बारे ज़्यादा हैं?				2				
MiniTest_8_1	1	81001, 81002, 81003, 81004, 81005												
			81001	use_magnitude_symbols	100, 200, 300, 400, 500, 600, 700, 800, 900	100, 200, 300, 400, 500, 600, 700, 800, 900	خالی جاگہ میں بھریں .	 खाली स्थान भरें						
			81002	missing_number_drag	2	4	descending			50~100	2			
			81003	operations_drag	11~50+11~50=?	regroupingfalse	vertical			20~50				
			81004	operations_drag	11~50-11~50=?	regroupingfalse	vertical			20~50				
			81005	word_problem	پانی کے ٹینک میں 14 مچھلی ہیں. اس کے بعد بھی ٹینک میں 3 مزید مچھلی ڈال دی. کتنی مچھلی وہاں ہیں ؟	एक पानी की टंकी में 14 मछलियाँ हैं। केरी ने 3 और मछलियाँ टंकी में डालीं। टंकी में कितनी मछलियां हैं?				17				
MiniTest_8_2	1	82001, 82002, 82003, 82004, 82005												
			82001	compare_number_magnitudes	descending	اعداد کو بڑے سے چھوٹے کی ترتیب دیں	सबसे बड़े से लेकर सबसे छोटे तक के क्रम में संख्या को रखे			51~100				
			82002	missing_number_drag	1	4	ascending			100~500				
			82003	operations_drag	21~40+11~20=?	regroupingtrue	vertical			30~60				
			82004	word_problem	رات کے کھانے کی میز پر 10 پلیٹیں موجود ہیں. پلیٹیں سے زیادہ 5 زیادہ لوگ ہیں. کتنے لوگ رات کے کھانے پر ہیں ؟	खाने की मेज पर 10 प्लेटें हैं। प्लेटों की तुलना में 5 अधिक लोग हैं। कुल कितने लोग हैं?				15				
			82005	word_problem	ایک باڑ پر 12 بلیاں ہیں. 1 بلی باڑ کے نیچے چھلانگ لگاتی ہے. کتنی بلیوں کو باڑ پر چھوڑ دیا جاتا ہے ؟	एक बाड़ पर 12 बिल्लियाँ हैं। 1 बिल्ली बाड़ से नीचे कूदती है। अब कितनी बिल्लियाँ बाड़ पर हैं?				11				
MiniTest_8_3	1	83001, 83002, 83003, 83004, 83005												
			83001	missing_number_drag	100	2	ascending			100~900	100			
			83002	operations_drag	11~18-1~9=?	regroupingtrue	horizontal			1~9				
			83003	operations_drag	21~50-11~30=?	regroupingtrue	vertical			1~40				
			83004	word_problem	جینٹ ہے 8 نارنگیاں اور شیرون ہے 4 نارنگیاں. کتنے نارنگیاں کرتے ہیں وہ مکمل طور پر ؟	जेनेट के पास 8 संतरे हैं और शेरोन के पास 4 संतरे हैं। उनके पास कुल मिलाकर कितने संतरे हैं?				12				
			83005	word_problem	سینڈی کی 5 سال کی عمر ہے. میا کی عمر ہے سینڈی سے 7 زیادہ سال. میا کی عمر کتنی ہے ؟	सैंडी की उम्र 5 साल है। मिया सैंडी से 7 साल बड़ी है। मिया कितनी साल की है?				12				
PostTest_8	1	8001, 8002, 8003, 8004, 8005, 8006, 8007, 8008, 8009, 8010												
			8001	compare_number_magnitudes	ascending	اعداد کو بڑے سے چھوٹے کی ترتیب دیں	सबसे बड़े से लेकर सबसे छोटे तक के क्रम में संख्या को रखे			300~700				
			8002	missing_number_drag	1	3	ascending			200~999				
			8003	missing_number_drag	100	4	ascending			200~999	100			
			8004	missing_number_drag	100	4	descending			100~500	100			
			8005	operations_drag	11~50+11~20=?	regroupingtrue	vertical			1~50				
			8006	operations_drag	31~50-11~20=?	regroupingtrue	vertical			1~50				
			8007	word_problem	ٹام کے پاس 6 کتابیں ہیں. جیمز کے پاس دو کتابیں ہیں.سب ملکر وہ کتنی کتابیں ہیں ؟	टॉम के पास 6 किताबें हैं। जेम्स के पास 2 किताबें हैं। उनके पास सभी में कितनी किताबें हैं?				8				
			8008	word_problem	ڈیاگو کے پاس ایک ٹوکری میں 11 مانگوس ہے. ڈیاگو اپنی بہن کو 4 مانگوس دیتا ہے. کتنی مانگوس ٹوکری میں رہ رہے ہیں ؟	डिएगो के  एक टोकरी में 11 आम हैं। डिएगो अपनी बहन को 4 आम देता है। टोकरी में कितने आम बचे हैं?				7				
			8009	word_problem	فریڈ کی 12 سال کی عمر ہے. ان کے بھائی ٹام کی 8 سال کی عمر ہے. کتنے چھوٹے فریڈ سے ٹام ہے?	फ्रेड 12 साल का है। उसका भाई टॉम 8 साल का है। फ्रेड की तुलना में टॉम कितना छोटा है?				4				
			8010	word_problem	ایک کسان کے پاس 16 انڈے ہیں اور وہ ان کو دو خانوں میں یکساں طور پر رکھتا ہے. کتنے انڈے ہر باکس میں ہیں ؟	एक किसान ने 16 अंडे इकट्ठे किए। नाश्ता बनाने के लिए उसने 4 अंडों का इस्तेमाल किया। उसके पास कितने अंडे बचे हैं?				12				
MiniTest_9_1	1	91001~91003, 91004, 91005, 91006, 91007												
			91001	operations_drag	11~99+10, 20, 30, 40, 50, 60, 70, 70, 80=?		horizontal			1~100				
			91002	operations_drag	10, 20, 30, 40, 50, 60, 70, 80+11~99=?		horizontal			1~100				
			91003	operations_drag	10, 20, 30, 40, 50, 60, 70, 80, 90-5,10=?		horizontal			1~100				
			91004	operations_without_objects	2, 3, 4, 5x1~9=?		horizontal			2~45				
			91005	missing_number_drag	10	3	ascending			500~990	10			
			91006	word_problem	جین کے پاس 9 گببارے ہے. 6 سبز ہیں اور باقی نیلے ہیں. کتنے گببارے نیلے ہیں ؟	जेन के पास 9 गुब्बारे हैं। 6 ग्रीन  हैं और बाकी ब्लू हैं। ब्लू गुब्बारे कितने हैं?				3				
			91007	shapes	what	شکل پہچانیں؟	यह कौन सा आकार है?			circle,square,triangle,rectangle	circle,square,triangle,rectangle			
MiniTest_9_2	1	92001~92002, 92003, 92004, 92005, 92006												
			92001	missing_number_drag	1	4	descending			100~999				
			92002	missing_number_drag	5	3	ascending			100~999	5			
			92003	operations_drag	31~50+20~50=?	regroupingfalse	vertical			1~100				
			92004	operations_drag	10~99-10=?		vertical			1~90				
			92005	operations_without_objects	6, 7, 8, 9x1~9=?		horizontal			6~81				
			92006	word_problem	ایک کسان كے پاس 7 سیب کے درخت تھے. اس نے کچھ زیادہ درختوں کو خریدا اور اب اس کے باگ میں 10 سیب کے درخت ہیں. کتنے سیب کے درخت وہ خریدتے ہیں ؟	एक किसान के पास 7 एप्पल के पेड़ थे। उसने कुछ और पेड़ खरीदे और अब उसके बाग में 10 एप्पल के पेड़ हैं। उसने कितने एप्पल के पेड़ खरीदे?				3				
MiniTest_9_3	1	93001, 93002, 93003, 93004, 93005												
			93001	operations_drag	11~30+20~70=?	regroupingtrue	vertical			1~99				
			93002	operations_drag	20~70-11~30=?	regroupingtrue	vertical			1~99				
			93003	missing_number_drag	10	4	descending			100~999	10			
			93004	word_problem	ٹینس ٹیم میں 12 کھلاڑی ہیں. کھلاڑیوں میں 6 لڑکیاں ہیں. کچھ لڑکے ہیں. کتنے ٹینس کھلاڑی لڑکے ہیں ؟	टेनिस टीम में 12 खिलाड़ी हैं। खिलाडियों में से 6 लड़कियां हैं। कुछ लडक़े हैं। कितने टेनिस खिलाड़ी लडक़े हैं?				6				
			93005	shapes	what	شکل پہچانیں؟	यह कौन सा आकार है?			pentagon,hexagon,parallelogram,trapezoid	pentagon,hexagon,parallelogram,trapezoid			
PostTest_9	1	9001, 9002, 9003, 9004, 9005, 9006, 9007, 9008, 9009, 9010												
			9001	operations_drag	20~70-11~30=?	regroupingtrue	vertical			1~100				
			9002	operations_drag	11~30+20~70=?	regroupingtrue	vertical			1~100				
			9003	missing_number_drag	5	4	descending			100~999	5			
			9004	missing_number_drag	3	3	ascending			1~20				
			9005	operations_without_objects	2~9x2~9=?		horizontal			4~81				
			9006	word_problem	پیٹر میں 4 ماربلیس ہے. مقدمہ پیٹر کچھ ماربلیس دیتا ہے اور اب وہ سب میں 6 ماربلیس ہے. کتنے ماربلیس نے پطرس کو دے دیا ؟	पीटर के पास 4 मार्बल्स हैं। सू ने पीटर को कुछ और मार्बल्स दिए और अब उसके पास कुल 6 मार्बल्स हैं। सू ने पीटर को कितने मार्बल्स दिए?				2				
			9007	word_problem	میرے پاس 10 سیب ہے. میں نے کچھ سیب کھایا. میں نے 4 سیب چھوڑ دیا. کتنے سیب میں نے کھایے ؟	मेरे पास 10 सेब हैं। मैं कुछ सेब खाता हूं। मेरे पास 4 सेब बचे हैं। मैंने कितने सेब खाए?				6				
			9008	shapes	what	شکل پہچانیں؟	यह कौन सा आकार है?			cylinder,cube,sphere,cone	cylinder,cube,sphere,cone			
			9009	word_problem	ایک مکھی میں 6 ٹانگیں ہیں. کتنی ٹانگیں 2 شہد کی مکھی میں ہے ؟	एक मधुमक्खी के 6 पैर होते हैं। 2 मधुमक्खियों के कितने पैर होते हैं?				12				
			9010	word_problem	2 بچوں کا اشتراک 8 مٹھائی پر برابر ہے. کتنے مٹھائی ہر بچہ حاصل کرتا ہے ؟	2 बच्चे 8 मिठाई समान रूप से साझा करते हैं। प्रत्येक बच्चे को कितनी मिठाई मिलती है?				4				
SpecialTest_1	1	10001, 10002, 10003, 10004, 10005												
			10001	compare_number_magnitudes	ascending	اعداد کو چھوٹے سے بڑے کی ترتیب دیں	सबसे छोटे से लेकर सबसे बड़े तक के क्रम में संख्या को रखे			1~6	1			
			10002	compare_number_magnitudes	ascending	اعداد کو چھوٹے سے بڑے کی ترتیب دیں	सबसे छोटे से लेकर सबसे बड़े तक के क्रम में संख्या को रखे			5~10	1			
			10003	use_magnitude_symbols	1~10	1~10	خالی جاگہ میں بھریں .	 खाली स्थान भरें			2			
			10004	compare_number_magnitudes	descending	اعداد کو بڑے سے چھوٹے کی ترتیب دیں	सबसे बड़े से लेकर सबसे छोटे तक के क्रम में संख्या को रखे			1~6	1			
			10005	compare_number_magnitudes	descending	اعداد کو بڑے سے چھوٹے کی ترتیب دیں	सबसे बड़े से लेकर सबसे छोटे तक के क्रम में संख्या को रखे			5~10	1			
SpecialTest_2	1	20001, 20002, 20003, 20004, 20005												
			20001	compare_number_magnitudes	ascending	اعداد کو چھوٹے سے بڑے کی ترتیب دیں	सबसे छोटे से लेकर सबसे बड़े तक के क्रम में संख्या को रखे			11~50				
			20002	compare_number_magnitudes	ascending	اعداد کو چھوٹے سے بڑے کی ترتیب دیں	सबसे छोटे से लेकर सबसे बड़े तक के क्रम में संख्या को रखे			51~99				
			20003	use_magnitude_symbols	11~50	11~50	خالی جاگہ میں بھریں .	 खाली स्थान भरें						
			20004	use_magnitude_symbols	11~99	11~99	خالی جاگہ میں بھریں .	 खाली स्थान भरें						
			20005	compare_number_magnitudes	descending	اعداد کو بڑے سے چھوٹے کی ترتیب دیں	सबसे बड़े से लेकर सबसे छोटे तक के क्रम में संख्या को रखे			11~99				
SpecialTest_3	1	30001, 30002, 30003, 30004, 30005												
			30001	compare_number_magnitudes	ascending	اعداد کو چھوٹے سے بڑے کی ترتیب دیں	सबसे छोटे से लेकर सबसे बड़े तक के क्रम में संख्या को रखे			100~500				
			30002	compare_number_magnitudes	ascending	اعداد کو چھوٹے سے بڑے کی ترتیب دیں	सबसे छोटे से लेकर सबसे बड़े तक के क्रम में संख्या को रखे			100~999				
			30003	compare_number_magnitudes	descending	اعداد کو بڑے سے چھوٹے کی ترتیب دیں	सबसे बड़े से लेकर सबसे छोटे तक के क्रम में संख्या को रखे			100~500				
			30004	use_magnitude_symbols	100, 200, 300, 400, 500, 600, 700, 800, 900	100, 200, 300, 400, 500, 600, 700, 800, 900	خالی جاگہ میں بھریں .	 खाली स्थान भरें						
			30005	use_magnitude_symbols	100~999	100~999	خالی جاگہ میں بھریں .	 खाली स्थान भरें						
SpecialTest_4	1	40001, 40002, 40003, 40004, 40005												
			40001	missing_number_drag	1	4	ascending			1~10				
			40002	missing_number_drag	2	3	ascending			1~20	2			
			40003	missing_number_drag	1	2	ascending			1~20				
			40004	missing_number_drag	1	4	descending			1~20				
			40005	missing_number_drag	2	3	descending			1~20	2			
SpecialTest_5	1	50001, 50002, 50003, 50004, 50005												
			50001	missing_number_drag	1	4	ascending			21~99				
			50002	missing_number_drag	10	2	ascending			21~99	10			
			50003	missing_number_drag	5	3	ascending			21~99	5			
			50004	missing_number_drag	1	4	descending			21~99				
			50005	missing_number_drag	10	3	descending			21~99	10			
SpecialTest_6	1	60001, 60002, 60003, 60004, 60005												
			60001	missing_number_drag	5	4	ascending			100~999	5			
			60002	missing_number_drag	100	2	ascending			100~999	100			
			60003	missing_number_drag	10	3	ascending			100~999	10			
			60004	missing_number_drag	1	4	descending			100~999				
			60005	missing_number_drag	10	3	descending			100~999	10			
SpecialTest_7	1	70001, 70002, 70002~70003, 70003, 70004												
			70001	operations_with_objects	1~9+1~9=?		horizontal			1~9				
			70002	operations_with_objects	1~9+1~9=?		horizontal			1~9				
			70003	operations_drag	1~9+1~9=?		horizontal			1~9				
			70004	operations_drag	1~9+1~9=?		horizontal			10				
SpecialTest_8	1	80001, 80002, 80003, 80004, 80005												
			80001	operations_drag	10+1~9=?		horizontal			11~19				
			80002	operations_with_objects	11~18+1~8=?	regroupingfalse	horizontal			11~19				
			80003	operations_with_objects	1~8+11~18=?	regroupingfalse	horizontal			11~19				
			80004	operations_drag	11~18+1~8=?	regroupingfalse	horizontal			11~19				
			80005	operations_drag	1~8+11~18=?	regroupingfalse	horizontal			11~19				
SpecialTest_9	1	90001, 90002, 90003~90004, 90005~90006, 90007												
			90001	operations_with_objects	1~9+1~9=?	regroupingtrue	horizontal			11~19				
			90002	operations_drag	1~9+1~9=?	regroupingtrue	horizontal			11~19				
			90003	operations_with_objects	10~19+1~10=?		horizontal			20				
			90004	operations_with_objects	1~10+10~19=?		horizontal			20				
			90005	operations_drag	1~10+10~19=?		horizontal			20				
			90006	operations_drag	10~19+1~10=?		horizontal			20				
			90007	operations_drag	1~9+1~9=?	regroupingtrue	vertical			11~19				
SpecialTest_10	1	100001, 100002, 100003, 100004, 100005												
			100001	operations_drag	10,20,30,40,50,60,70,80,90+10,20,30,40,50,60,70,80,90=?	regroupingfalse	horizontal			30~90				
			100002	operations_drag	10,20,30,40,50,60,70,80,90+10~89=?	regroupingfalse	horizontal			20~99				
			100003	operations_drag	11~19+10~99=?	regroupingfalse	vertical			21~50				
			100004	operations_drag	11~99+10~99=?	regroupingfalse	vertical			21~99				
			100005	operations_drag	11~99+10~99=?	regroupingfalse	vertical			51~99				
SpecialTest_11	1	110001, 110002, 110003~110004, 110005, 110005												
			110001	operations_with_objects	11~19+11~19=?	regroupingtrue	vertical			20~40				
			110002	operations_drag	21~49+1~9=?	regroupingtrue	vertical			21~50				
			110003	operations_drag	11~29+11~29=?	regroupingtrue	vertical			40				
			110004	operations_drag	11~39+11~39=?	regroupingtrue	vertical			50				
			110005	operations_drag	11~39+11~39=?	regroupingtrue	vertical			21~50				
SpecialTest_12	1	120001, 120002, 120003, 120003, 120004												
			120001	operations_drag	10,20,30,40,50,60,70,80,90+10,20,30,40,50,60,70,80,90=?	regroupingtrue	horizontal			100				
			120002	operations_drag	11~89+11~89=?	regroupingtrue	vertical			100				
			120003	operations_drag	11~59+11~59=?	regroupingtrue	vertical			30~70				
			120004	operations_drag	11~89+11~89=?	regroupingtrue	vertical			71~100				
SpecialTest_13	1	130001~130010, 130001~130010, 130001~130010, 130001~130010, 130001~130010												
			130001	word_problem	شیلبی کواسکول میں ریاضی کے سوال حل کرنے پر اسٹار اسٹیکرز ملتے ہئیں. کل ، شیلبی کو  ٤ اسٹار اسٹیکرزملے۔ آج ، اسنے 3 مزید حاصل کئیے. کل ملاکر شیلبی کے پاسس کتنے اسٹار اسٹیکرزہیں؟	जब वह स्कूल में गणित करती है, शेल्बी स्टार स्टिकर कमाती है। कल, शेल्बी ने 4 स्टार कमाए। आज उसने 3 और कमाए। शेल्बी ने सभी में कितने स्टार कमाए?				7				
			130002	word_problem	ٹام کے پاس 6 کتابیں ہیں. جیمز کے پاس دو کتابیں ہیں.کل ملاکر کتنی کتابیں ہیں؟	टॉम के पास 6 किताबें हैं। जेम्स के पास 2 किताबें हैं। उनके पास सभी में कितनी किताबें हैं?				8				
			130003	word_problem	ہیلن نے ایک درخت پر 7 پرندوں اور ایک اور درخت پر بارہ پرندوں کو دیکھا. کتنے پرندے وہ سب ملکر دیکھتی ھے ؟	हेलेन ने एक पेड़ में 12 और दूसरे पेड़ में 7 पक्षियों को देखा। उसने कुल कितने पक्षी देखे?				19				
			130004	word_problem	ایک کسان نے دوپہر کے کھانے سے پہلے 5 مکئی کی صفیں لگائے ۔ انہوں نے دوپہر کے کھانے کے بعد 7 مزید صفیں لگائے ۔ کتنے قطار اس نے اس دن کے دوران پلانٹ کیا ؟	एक किसान ने लंच से पहले मकई की 5 पंक्तियाँ लगाईं। उसने लंच के बाद 7 और पंक्तियाँ लगाईं। उसने दिन के दौरान मकई की कितनी पंक्तियाँ लगाईं?				12				
			130005	word_problem	بس پر 6 لڑکیاں اور 7 لڑکے ہیں. کتنے بچے بس پر ہیں ؟	बस में 6 लड़कियां और 7 लडक़े हैं। बस में कितने बच्चे हैं?				13				
			130006	word_problem	اسٹاکی نے صبح 5 مچھلیاں پکڑی. اس نے دوپہر میں 4 اور مچھلیاں پکڑی. اسٹاکی نے سب ملکر کتنی مچھلیاں پکڑی؟	स्टैसी ने सुबह 5 मछलियाँ पकड़ीं। उसने दोपहर में 4 और मछलियाँ पकड़ीं। स्टैसी ने कुल कितनी मछली पकड़ी?				9				
			130007	word_problem	مایا نے دوپہر کے کھانے میں ٣ یام اور رات کے کھانے میں ٥ یام پروسے. کل ملاکر دن میں کتنے یام پروسے گئے.	माया ने दोपहर के भोजन में 3 याम और रात के खाने में 5 याम परोसे। दिन में कितने याम परोसे गए?				8				
			130008	word_problem	کیلی نے اپنی سالگرہ پر 3 نئے شرٹ حاصل کی. ان کے پاس پہلے ہی 5 شرٹ تھا. کتنے شرٹ ان کے پاس اب ہے ؟	अपने जन्मदिन पर काइल को 3 नई शर्ट मिलीं। उसके पास पहले से ही 5 शर्ट थे। अब उसके पास कितनी शर्ट हैं?				8				
			130009	word_problem	مریم ایک سالگرہ کی پارٹی کے لئے ڈیکوریشن کر رہی ہے. انہوں نے اس صبح 6 گببارے پھلائے اور 5 گببارے اس کے بعد پھلائے.انہوں نے سب ملکر کتنے گببارے پھلائے ؟	मैरी एक जन्मदिन की पार्टी के लिए तैयारी कर रही है। उसने आज सुबह 6 गुब्बारे फुलाए और दुपहर को 5 गुब्बारे फुलाए। उसने सभी में कितने गुब्बारे फुलाए?				11				
			130010	word_problem	دراج میں سات پنسل ہیں ۔ ڈین نے دراج میں 9 مزید پنسل کو رکھ دیا۔ کتنے پنسل دراج میں ہیں ؟	दराज में 7 पेंसिल हैं। दान ने दराज में 9 और पेंसिल रखीं। दराज में कितने पेंसिल हैं?				16				
SpecialTest_14	1	140001~140010, 140001~140010, 140001~140010, 140001~140010, 140001~140010												
			140001	word_problem	بلی كے پاس 2 ماربلس ہیں . اینڈرے كے پاس بلی سے 3  ماربلس زیادہ ہیں . اینڈرے كے پاس کل کتنے ماربلس ہیں ؟	बिली के पास 2 मार्बल्स हैं। ऑड्रे के पास बिली की तुलना में 3 अधिक मार्बल्स हैं। ऑड्रे के पास कितने मार्बल्स हैं?				5				
			140002	word_problem	بوبی نے جاببی سے 3 زیادہ کتابیں خریدی . اگر جاببی نے 1 کتاب خریدی تھی تب بوبی نے کل کتنی کتاب خریدی ؟	बॉबी ने गैबी की तुलना में 3 अधिक पुस्तकें खरीदीं। गैबी ने एक किताब खरीदी। बॉबी ने कितनी किताबें खरीदीं?				4				
			140003	word_problem	رات کے کھانے کی میز پر 10 پلیٹیں موجود ہیں. پلیٹیں سے زیادہ 5 زیادہ لوگ ہیں. کتنے لوگ رات کے کھانے پر ہیں ؟	खाने की मेज पर 10 प्लेटें हैं। प्लेटों की तुलना में 5 अधिक लोग हैं। कुल कितने लोग हैं?				15				
			140004	word_problem	جیکی کے پاس میں 9 پنسل ہے ۔ آدم کے پاس جیکی کے مقابلے میں 5 زیادہ پنسل ہے. آدم کے پاس کتنے پنسل ہیں ؟	जैकी के पास 9 पेंसिल हैं। जैकी के मुकाबले एडम के पास 5 और पेंसिल हैं। एडम के पास कितनी पेंसिल हैं?				14				
			140005	word_problem	ہینری كے پاس 4 اسٹیمپس ہیں. ایرک كے پاس ہینری سے 5 اسٹیمپس زیادہ ہیں. ایرک كے پاس کتنے اسٹیمپس ہیں؟	हेनरी के पास 4 डाक टिकट हैं। एरिक के पास हेनरी की तुलना में 5 अधिक डाक टिकट हैं। एरिक के पास कितने डाक टिकट हैं?				8				
			140006	word_problem	سارا 5 سال کی ہے . اسکی بہن کیٹی سارا سے 2 سال بَدی ہے . کیٹی کی عمر کتنی ہے ؟	सारा 5 साल की है। उसकी बहन केटी सारा से 2 साल बड़ी है। केटी की उम्र कितनी है?				7				
			140007	word_problem	محترمہ بلوم کی کلاس میں 14 کرسیاں ہیں. مسٹر پیٹر کے کلاس روم میں 3 مزید کرسیاں ہیں. پیٹر کے کلاس روم میں کتنی کُرسیاں ہیں ؟	सुश्री ब्लूम की कक्षा में 14 कुर्सियाँ हैं। श्री पीटर की कक्षा में 3 और कुर्सियाँ हैं। श्री पीटर की कक्षा में कितनी कुर्सियाँ हैं?				17				
			140008	word_problem	پال کے پاس 7 آلو بخارا ہے. برائن کے پاس پال کے مقابلے میں 4 زیادہ آلو بخارا ہے. برائن کے پاس کتنے آلو بخارا ہے ؟	पॉल के पास 7 प्लम हैं। पॉल की तुलना में ब्रायन के पास 4 और प्लम हैं। ब्रायन के पास कितने प्लम हैं?				11				
			140009	word_problem	مارین کے پاس ہے 7 گیندے. ایلن کے پاس مارین سے 6 زیادہ گیندیں ہیں ۔ کتنے گیندے ایلن کے پاس ہے ؟	मारिन के पास 7 गेंदें हैं। एलेन के पास मारिन की तुलना में 6 अधिक गेंदें हैं। एलेन के पास कितनी गेंदें हैं?				13				
			140010	word_problem	باب کے پاس 4 پنسل ہے اور اس کی بہن کے پاس ہے 8 اس سے زیادہ پنسل. باب کی بہن کے پاس کتنے پنسل ہیں ؟	बॉब के पास 4 पेंसिल हैं और उसकी बहन के पास उससे 8 अधिक पेंसिल हैं। बॉब की बहन के पास कितनी पेंसिल हैं?				12				
SpecialTest_15	1	150001~150010, 150001~150010, 150001~150010, 150001~150010, 150001~150010												
			150001	word_problem	انیتا کے پاس ہے 5 کتابیں. ان میں سے 3 سائنس کی کتابیں ہیں اور باقی سٹوریبوکس ہیں. کتنے سٹوریبووکس ہیں ؟	अनीता के पास 5 किताबें हैं। उनमें से 3 विज्ञान की किताबें हैं और बाकी स्टोरीबुक हैं। स्टोरीबुक ितने हैं?				2				
			150002	word_problem	مائیکل کی بلی كے تھے 9 بچنے . ان میں سے 5 سفید ہیں اور باقی بھوری ہیں. بلی كے کتنے بچنے بھورے بتھے ؟	माइकल की बिल्ली के 9 बच्चे थे। उनमें से 5 वाइट हैं और बाकी ग्रे हैं। बिल्ली के कितने ग्रे बच्चे थे?				4				
			150003	word_problem	ایک کلاس روم میں 9 بچے ہیں. ان میں سے 6 لڑکے ہیں. کتنے بچیان کلاس روم میں ہیں ؟	एक कक्षा में 9 बच्चे हैं। उनमें से 6 लडक़े हैं। कक्षा में कितनी लड़कियाँ हैं?				3				
			150004	word_problem	محترمہ ڈاونسن کی کلاس میں ہے 12 طالب علم. کچھ طلباء غائب ہیں اور 7 طالب علم موجود ہیں. کتنے طلباء غائب ہیں ؟	सुश्री डॉसन की कक्षा में 12 छात्र हैं। कुछ छात्र अनुपस्थित हैं और 7 छात्र उपस्थित हैं। कितने छात्र अनुपस्थित हैं?				5				
			150005	word_problem	ایک کلاس روم میں 16 بچے ہیں. کچھ بچے کھیلنے کے لیے باہر جاتے ہیں ۔ 7 بچے کتابیں پڑھنے کے لیے اندر ہیں ۔ کتنے بچے باہر ہیں ؟	एक कक्षा में 16 बच्चे हैं। कुछ बच्चे खेलने के लिए बाहर जाते हैं। 7 बच्चे किताबें पढ़ने के लिए अंदर रहते हैं। कितने बच्चे बाहर हैं?				9				
			150006	word_problem	جین کے پاس 9 گببارے ہے. 6 سبز ہیں اور باقی نیلے ہیں. کتنے گببارے نیلے ہیں ؟	जेन के पास 9 गुब्बारे हैं। 6 ग्रीन  हैं और बाकी ब्लू हैं। ब्लू गुब्बारे कितने हैं?				3				
			150007	word_problem	کیٹی اس کے بھائی کے ساتھ 6 مانگوس اٹھایا. کیٹی نے 4 مانگوس اٹھایا. کتنے مانگوس اس کے بھائی نے کو اٹھاے؟	केटी और उसके भाई ने 6 आमों को उठाया। केटी ने 4 आम उठाए। उसके भाई ने कितने आम उठाए?				2				
			150008	word_problem	ہارپر اور ریوین 8 تصاویر ایک ساتھ ڈرا کرتے ہیں. ہارپر نے 3 تصویریں ڈرا کی ہیں ۔ ریوین نے کتنی تصاویر ڈرا کی ہیں ؟	हार्पर और रेवेन ने एक साथ 8 तस्वीरें खींचीं। हार्पर ने 3 तस्वीरें खींचे। रेवेन ने कितने तस्वीरें खींचे?				5				
			150009	word_problem	کیمیں اور کیندرا نے 14 جگنو کو مکمل طور پر پکڑ لیا ۔کیمیں نے 5 جگنو کو پکڑ لیا. کتنے جگنو کو کیندرا نے پکڑ لیا ؟	लैकी और केंद्र ने 14 जुगनुओं को पकड़ा। लैकी ने 5 जुगनुओं को पकड़ा। केंद्र ने कितने जुगनुओं को पकड़ा?				9				
			150010	word_problem	لکڑی کا ایک ٹکڑا ہے 13 طویل انچ. یہ دو حصوں میں کاٹ رہا ہے. ایک حصہ ہے 6 طویل انچ. دوسرا حصہ کتنا عرصہ ہے ؟	लकड़ी का एक टुकड़ा 13 इंच लम्बा होता है। इसे दो भागों में काटा जाता है। एक भाग 6 इंच लम्बा है। दूसरा भाग कितना लम्बा है?				7				
SpecialTest_16	1	160001~160010, 160001~160010, 160001~160010, 160001~160010, 160001~160010												
			160001	word_problem	ایک کسان كے پاس 7 سیب کے درخت تھے. اس نے کچھ زیادہ درختوں کو خریدا اور اب اس کے باگ میں 10 سیب کے درخت ہیں. کتنے سیب کے درخت وہ خریدتے ہیں ؟	एक किसान के पास 7 एप्पल के पेड़ थे। उसने कुछ और पेड़ खरीदे और अब उसके बाग में 10 एप्पल के पेड़ हैं। उसने कितने एप्पल के पेड़ खरीदे?				3				
			160002	word_problem	ایک فٹ بال ٹیم نے پہلے نصف میں 3 اہداف رنز بنائے. پھر انہوں نے دوسرے نصف میں مزید اہداف رنز بنائے ۔ انہوں نے 5 کے مقاصد کے ساتھ کھیل جیت لیا! کتنے اہداف رنز انہوں نے دوسرے نصف میں دوبارہ سے کیا ؟	एक फुटबॉल टीम ने पहले हाफ में 3 गोल किए। फिर उन्होंने दूसरे हाफ में अधिक गोल किए। उन्होंने 5 गोल से गेम जीता! दूसरे हाफ में उन्होंने कितने गोल किए?				2				
			160003	word_problem	پیٹر نے دوپہر کے کھانے سے پہلے اپنی کتاب کے 6 صفحات پڑھیں. کھانے کے بعد اس نے کچھ اور پڑھا. اگر پیٹر تمام دن میں 9 صفحات پڑھتے ہیں ، تو کتنے صفحات اس نے دوپہر کے کھانے کے بعد پڑھا ؟	लंच से पहले पीटर ने अपनी किताब के 6 पेज पढ़े। लंच के बाद उसने कुछ और पढ़ा। यदि पीटर ने सभी में 9 पेज पढ़े तो लंच के बाद उसने कितने पेज पढ़े?				3				
			160004	word_problem	جارج ایک دکان پر چلاا گیا اور کچھ ٹی شرٹس خریدا. وہ ایک اور سٹور پر چلاا گیا اور 2 مزید شرٹ خریدا. انہوں نے کل 7 ٹی شرٹس خریدا. کتنے ٹی شرٹس وہ پہلی دکان پر خریدا ?	जॉर्ज ने एक स्टोर में जाकर कुछ टी-शर्ट खरीदीं। वह दूसरे स्टोर में गया और 2 और टी-शर्ट खरीदे। उसने कुल 7 टी-शर्ट खरीदीं। उसने पहली दुकान पर कितनी टी-शर्ट खरीदीं?				5				
			160005	word_problem	آپ کے پاس کچھ ٹکٹ ہیں ۔ آپ بھائی آپ کے لئے 6 ٹکٹ دیتا ہے. اب آپ کے پاس 10 ٹکٹ ہے. کتنے ٹکٹ آپ کے ساتھ شروع کرتے تھے ؟	आपके पास कुछ टिकटें हैं। आपका भाई आपको 6 टिकट देता है। अब आपके पास 10 टिकट हैं। आपके पास पहले से  कितने टिकटें थी?				4				
			160006	word_problem	ٹیس صبح میں تین پھول اٹھایا. وہ دوپہر میں کچھ مزید پھول اٹھایا. اگر انہوں نے سب میلااکر آٹھ پھول اٹھایا ، تو وہ دوپہر میں کتنے پھول اٹھایا ؟	टेस ने सुबह 3 फूल उठाए। उसने दोपहर में कुछ और फूल उठाए। यदि टेस ने सभी में 8 फूल उठाए तो उसने दोपहर में कितने उठाए?				5				
			160007	word_problem	ایک جار میں کچھ کراکیٹس ہیں. آپ 5 مزید کراکیٹس جمع کرتے ہیں اور اب 10 کراکیٹس ہیں. کتنے کراکیٹس سے آپ نے شروع کیا تھا ؟	एक जार में कुछ झींगुर होते हैं। आप 5 और झींगुर लेते हैं और अब सभी में 10 झींगुर हैं। आपने कितने झींगुर लिए हैं?				5				
			160008	word_problem	میگن کے جھبیا میں کچھ سیاشیلس تھے ۔ وہ 2 مزید سیاشیلس ڈھونڈتا ہے ۔ اب اسکے پاس میں 8 سیاشیلس ہے. کتنے سیاشیلس سے وہ شروع کرتا ھے ؟	मेगन की पेल में कुछ शंख थे। वह 2 और शंख पाती है। अब उसके पास कुल 8 शंख हैं। उसके पास पहले से कितने शंख थे?				6
			160009	word_problem	کیلی اس کے گھر کے سامنے 4 بلیاں دیکھا. وہ سونے کے لئے گئے تھے اور جب وہ اٹھی ، ان کے گھر کے سامنے میں 7 بلیاں تھے. جب وہ سو رہا تھا کتنے بلیاں اس کے گھر میں آیا ؟	केली ने अपने घर के सामने 4 बिल्लियाँ देखीं। वह सोने चली गई और जब वह सोकर उठी तो उसके घर के सामने 7 बिल्लियाँ थीं। सोते समय उसके घर में कितनी बिल्लियाँ आईं?				3
			160010	word_problem	پیٹر 4 مربع ہیں. مقدمہ پیٹر کچھ سنگ مرمر دیتا ہے اور اب اس کے پاس 6 ماربل ہیں. مقدمہ کتنے مربع پیٹر دیا؟	पीटर के पास 4 मार्बल्स हैं। सू ने पीटर को कुछ और मार्बल्स दिए और अब उसके पास कुल 6 मार्बल्स हैं। सू ने पीटर को कितने मार्बल्स दिए?				2
SpecialTest_17	1	170001, 170002, 170003, 170004, 170003~170004
			170001	operations_with_objects	1~9-1~9=?		horizontal			1~8
			170002	operations_with_objects	10-1~9=?		horizontal			1~9
			170003	operations_drag	1~9-1~9=?		horizontal			1~8
			170004	operations_drag	10-1~9=?		horizontal			1~9
SpecialTest_18	1	180001, 180002, 180003, 180004, 180005
			180001	operations_with_objects	11~19-1~9=?	regroupingfalse	horizontal			10~18
			180002	operations_with_objects	11~20-10=?	regroupingfalse	horizontal			1~10
			180003	operations_drag	11~19-1~9=?	regroupingfalse	horizontal			10~18
			180004	operations_drag	11~20-10=?	regroupingfalse	horizontal			1~10
			180005	operations_drag	11~19-11~19=?	regroupingfalse	horizontal			1~8
SpecialTest_19	1	190001, 190002, 190003, 190003, 190004~190005
			190001	operations_with_objects	11~18-1~9=?	regroupingtrue	horizontal			2~9
			190002	operations_with_objects	20-1~9=?		horizontal			11~19
			190003	operations_drag	11~18-1~9=?	regroupingtrue	horizontal			2~9
			190004	operations_drag	20-11~19=?		horizontal			1~9
			190005	operations_drag	20-1~9=?		horizontal			11~19
SpecialTest_20	1	200001, 200002, 200003, 200004, 200005
			200001	operations_drag	10,20,30,40,50,60,70,80,90-10,20,30,40,50,60,70,80,90=?	regroupingfalse	horizontal			10~80
			200002	operations_drag	21~99-10,20,30,40,50,60,70,80,90=?	regroupingfalse	horizontal			9~89
			200003	operations_drag	21~50-11~49=?	regroupingfalse	vertical			1~39
			200004	operations_drag	51~99-21~50=?	regroupingfalse	vertical			1~78
			200005	operations_drag	51~99-51~99=?	regroupingfalse	vertical			1~48
SpecialTest_21	1	210001, 210002, 210003, 210003, 210004
			210001	operations_drag	21~50-1~9=?	regroupingtrue	vertical			12~49
			210002	operations_drag	21~50-11~19=?	regroupingtrue	vertical			1~39
			210003	operations_drag	21~50-21~50=?	regroupingtrue	vertical			1~29
			210004	operations_drag	20, 30, 40, 50-11~49=?	regroupingtrue	vertical			1~39
SpecialTest_22	1	220001~220010, 220001~220010, 220001~220010, 220001~220010, 220001~220010
			220001	word_problem	ملی كے پاس 9 کنگن ہیں . وہ اس میں سے 2 کھو دیتی ہے . ملی كے پاس اب کتنے کنگن بچے ہیں ؟	मिल्ली के पास 9 कंगन हैं। वह उनमें से 2 खो देती है। मिल्ली के पास अब कितने कंगन बचे हैं?				7
			220002	word_problem	حنا 8 روٹیاں بناتی ہیں . وہ اپنے بھائی کو 3 روٹیاں دیتی ہے . اب اسکے پاس کتنی روٹیاں بچی ہیں ؟	हैना 8 रोटियाँ बनाती है। वह अपने भाई को 3 रोटियाँ देती है। उसके पास कितनी रोटियाँ बची हैं?				5
			220003	word_problem	آسمان میں 9 پاتانجی اُڑ رہی ہیں . اک ہوا کا جھکا 3 پاتانجون کو جمین پہ گرا دیتا ہے . اب آسمان میں کتنی پاتینجی اُڑ رہی ہیں ؟	आसमान में 9 पतंगें उड़ रही हैं। एक हवा 3 पतंगों को जमीन पर गिरा देती है। कितनी पतंगें अभी भी आसमान में उड़ रही हैं?				6
			220004	word_problem	ایک طالاب میں 15 بظخ تیر رہی ہیں. 7 بظخ کی پرواز ہوئی. کتنے بظخ طالاب میں رہی ہیں ؟	एक तालाब में 15 बतख तैर रही हैं। 7 बतख उड़ जाती हैं। तालाब में अभी कितने बतख तैर रहे हैं?				8
			220005	word_problem	لینا کے پاس 12 کتابیں ہیں ۔ وہ اس کی کلاس کی لائبریری میں عطیہ کرتی ہے 8 کتابیں. کتنی کتابیں لینا کے پاس ہیں ؟	लीना के पास 12 किताबें हैं। वह अपनी कक्षा की लाइब्रेरी में 8 किताबें दान करती हैं। लीना के पास अब कितनी किताबें बची हैं?				4
			220006	word_problem	ایک باڑ پر 12 بلیاں ہیں. 1 بلی باڑ کے نیچے چھلانگ لگاتی ہے. کتنی بلیوں کو باڑ پر چھوڑ دیا جاتا ہے ؟	एक बाड़ पर 12 बिल्लियाँ हैं। 1 बिल्ली बाड़ से नीचे कूदती है। अब कितनी बिल्लियाँ बाड़ पर हैं?				11
			220007	word_problem	لیری كے پاس 8 پنسل ہے. وہ ان میں سے 7 کھو دیتا ہے .لیری كے پاس کتنی پنسل بچی ہے؟	लूसी के पास 8 पेंसिल हैं। वह उनमें से 7 को खो देती है। लूसी के पास अब कितनी पेंसिल बची हैं?				1
			220008	word_problem	انا كے پاس 7 بسکٹ ہیں . وہ اس میں سے 2 کھا لیتی ہے. اب اسکے پاس کتنے بسکٹ بچے ہیں؟	एना के पास 7 बिस्कुट हैं। वह उनमें से 2 खाती है। उसके पास कितनी बिस्कुट बचे हैं?				5
			220009	word_problem	ناسسیر ایک 17 صفحہ کی کتاب چنتا ہے ۔ وہ 9 صفحات پڑھتا ہے ۔ کتنے صفحات اسنے پڑھنے کے لئے چھوڑ دیا ہے ؟	नासिर ने 17 पन्नों की एक किताब निकाली। वह 9 पन्ने पढ़ता है। उसके पास पढ़ने के लिए कितने पन्ने बचे हैं?				8
			220010	word_problem	اسکول بس پر ہیں 10 طالب علم. 3 طالب علم بس سے اُتَر جاتے ہیں . کتنے طالب علموں کو بس پر چھوڑ دیا جاتا ہے ؟	स्कूल बस में 10 छात्र हैं। 3 छात्र बस से उतर गए। बस में कितने छात्र बचे हैं?				7
SpecialTest_23	1	230001~230010, 230001~230010, 230001~230010, 230001~230010, 230001~230010
			230001	word_problem	لیری کی 9 سال کی عمر ہے. اس کی بہن جولی ہے 6 سال کی عمر. کتنا بڑی اس کی بہن جولی کے مقابلے میں لیری ہے?	लुसी 9 साल की है। उसकी बहन जूली 6 साल की है। लुसी अपनी बहन जूली से कितनी बड़ी है?				3
			230002	word_problem	سام نے 7 کوکیز اور جانے نے 2 کوکیز کھائی . سام کی تُلْنا میں جانے نے کتنی کوکیز کم کھائی ؟	सैम ने 7 बिस्कुट और जेन ने 2 बिस्कुट खाए। सैम की तुलना में जेन ने कितने कम बिस्कुट खाए?				5
			230003	word_problem	امی سکول جانے كے لیے 4 بلوک چلتی ہے . جانے سکول جانے كے لیے 2 بلوک چلتی ہے . امی جانے کی تُلْنا میں کتنا زیادہ چلتی ہے ؟	एमी 4 ब्लोक चलती है स्कूल के लिए। जेन स्कूल के लिए 2  ब्लोक चलता है। एमी जेन की तुलना में स्कूल जाने के लिए और कितने  ब्लोक चलती हैं?				2
			230004	word_problem	ایک کلاس میں 13 لڑکیاں اور 18 لڑکے ہیں ۔ لڑکیوں کے مقابلے میں کتنے زیادہ لڑکے ہیں ؟	एक कक्षा में 13 लड़कियां और 18 लडक़े हैं। लड़कियों की तुलना में कितने अधिक लडक़े हैं?				5
			230005	word_problem	بیت کے باغ میں 13 پھول ہے. کیٹ کے 8 پھول ہے.کیٹ سے کتنے زیادہ پھول بیت کے ہے ؟	बेथ के बगीचे में 13 फूल हैं। केट के 8 फूल हैं। बेथ के पास केट की तुलना में कितने अधिक फूल हैं?				5
			230006	word_problem	آپ کے پاس 7 گببارے ہے اور آپ کے دوست کے پاس ہیں 5 گببارے . کتنے زیادہ گببارے آپ کے پاس دوست کے مقابلے میں ہے ؟	आपके पास 7 गुब्बारे हैं और आपके मित्र के पास 5 गुब्बारे हैं। आपके मित्र के मुकाबले आपके पास कितने गुब्बारे ज़्यादा हैं?				2
			230007	word_problem	ماریہ پڑھا 3 کتابیں اور سٹیسی 5 کتابیں پڑھا.ماریا سے کتنے زیادہ کتابیں سٹیسی پڑھا ؟	मारिया ने 3 किताबें पढ़ीं और स्टेसी ने 5 किताबें पढ़ीं। मारिया की तुलना में स्टेसी ने कितनी और किताबें पढ़ीं?				2
			230008	word_problem	سڈنی ساحل سمندر پر 20 سیاشیلس پایا. نوح نے 6 سیاشیلس پایا. کیا بہت سے مزید سیاشیلس کیا گیا سڈنی نوح کے مقابلے میں تلاش?	सिडनी को समुद्र तट पर 20 शंख मिले। नोआ को 6 शंख मिले। नोआ की तुलना में सिडनी को कितने और शंख मिले?				14
			230009	word_problem	انّا نے 12 پلانٹ خریدے ۔ اس کی بہن نے 7 پودےخریدے. کتنے زیادہ پودے انّا اپنی بہن سے خرید رہے ہیں ؟	अन्ना ने 12 पौधे खरीदे। उसकी बहन ने 7 पौधे खरीदे। अन्ना ने अपनी बहन से कितने अधिक पौधे खरीदे?				5
			230010	word_problem	ٹام نے ایک اسکول باغ میں 5 بیج نصب کیا. جین نے 8 بیج نصب کیا. کتنے کم بیج جین سے ٹام پلانٹ کیا?	टॉम ने स्कूल के बगीचे में 5 बीज लगाए। जेन ने 8 बीज लगाए। टॉम ने जेन की तुलना में कितने कम बीज लगाए?				3
SpecialTest_24	1	240001~240010, 240001~240010, 240001~240010, 240001~240010, 240001~240010
			240001	word_problem	میرے پاس 10 سیب ہے. میں نے کچھ سیب کھایا. میں نے 4 سیب چھوڑ دیا. کتنے سیب میں نے کھایے ؟	मेरे पास 10 सेब हैं। मैं कुछ सेब खाता हूं। मेरे पास 4 सेब बचे हैं। मैंने कितने सेब खाए?				6
			240002	word_problem	کل ، سٹور میں 7 بیگ چاول کے تھے. آج ، سٹور میں 2 چاول کے بیگ ہے. کتنے بیگ سٹور فروخت کیا?	कल दुकान में चावल के 7 बैग थे। आज दुकान में चावल के 2 बैग हैं। दुकान में कितने बैग चावल बिक गए?				5				
			240003	word_problem	داؤد اور اس کے دوست 9 پاتانگون کو اڑا رہے ہیں. کچھ پاتانگےن ایک درخت میں پھنس جاتے ہیں. 6 اب بھی پرواز کر رہے ہیں. کتنے پاتانگےن درخت میں پھنس گئے ہیں ؟	डेविड और उसके दोस्त 9 पतंग उड़ाते हैं। कुछ पतंग एक पेड़ में फस जाती हैं। 6 पतंगें अभी भी उड़ रही हैं। पेड़ में कितनी पतंगें अटकी हैं?				3				
			240004	word_problem	ایک شخص گببارے لے رہا تھا لیکن ہوا نے 6 دور اڑا دیا. ان کے پاس 2 گببارے چھوٹ گئے ہے. کتنے گببارے شروع میں تھے ؟	एक आदमी गुब्बारे ले जा रहा था लेकिन हवा ने 6 उड़ा दिए। उसके पास 2 गुब्बारे बचे हैं। उसके पास पहले  कितने  गुब्बारे थे?				8				
			240005	word_problem	کچھ مانگوس ٹوکری میں تھے. ٹوکری سے 4 مانگوس لیا گیا. اب 6 مانگوس ہیں. کتنی مانگوس ٹوکری میں تھے اس سے پہلے کہ وہ لے جایا گیا ؟	कुछ आम टोकरी में थे। टोकरी से 4 आम निकाले गए थे। अब 6 आम हैं। टोकरी में पहले कितने आम थे?				10				
			240006	word_problem	آٹھ پرندے ایک درخت کی شاخ پر بیٹھ گے. کچھ دور اڑ گئے. اب اس شاخ پر تین پرندے ہیں ۔ کتنے پرندے دور اڑ گئے ؟	एक पेड़ की शाखा पर 8 पक्षी बैठे। कुछ उड़ गए। अब शाखा पर 3 पक्षी हैं। कितने पक्षी उड़ गए?				5				
			240007	word_problem	میا مارکیٹ میں جام كے 10 جار گھر كے بنے لائی . اس نے کچھ جار فروخت کی تھیں اور 3 جار بچے تھے. وہ مارکیٹ میں کتنے جار کی فروخت کرتی ھیں؟	मिया ने घर के बने जाम के 10 जार बाजार में लाए। उसने कुछ जार बेचे और 3 जार बचे थे। उसने बाजार में कितने जार बेचे?				7				
			240008	word_problem	ٹم كے کتے نے کچھ پیلون کو جنم دیا. ٹم اپنے دوستوں کو 6 پیلےدیا. اب اس نے دو پیلون کو چھوڑا ہے. ٹم كے کتے نے کتنے پیلون کو جنم دیا ؟	टिम के कुते ने कुछ पिल्लों को जन्म दिया। टिम ने अपने दोस्तों को 6 पिल्ले दिए। अब उसके पास 2 पिल्ले बचे हैं। उसके कुते ने कितने पिल्लों को जन्म दिया?				8				
			240009	word_problem	جین نے اس کے خاندان کے لئے 6 سینڈوچ بنایا. اس کے خاندان میں کچھ کھائے اور 2 چھوڑ دیا گیا تھا. کتنے سینڈوچ اس کے خاندان نے کھایا ؟	जेन ने अपने परिवार के लिए 6 सैंडविच बनाए। उसके परिवार ने कुछ खाए और 2 बचे थे। उसके परिवार ने कितने सैंडविच खाए?				4				
			240010	word_problem	7 لڑکوں نے موٹر سائیکللوں کی سواری کی. کچھ لڑکے گھر جاتے ہیں. 5 لڑکوں کی موٹر سائیکل سواری جاری ہے. کتنے لڑکے گھر چلے گئے ؟	7 लडक़े अपनी बाइक चलाते हैं। कुछ लडक़े घर जाते हैं। 5 लडक़े अपनी बाइक चलाना जारी रखते हैं। कितने लडक़े घर गए?				2				
SpecialTest_25	1	250001, 250002, 250003, 250004, 250005												
			250001	operations_without_objects	2~3x2~9=?		horizontal			4~27				
			250002	operations_without_objects	4~5x2~9=?		horizontal			8~45				
			250003	operations_without_objects	6~7x2~9=?		horizontal			12~63				
			250004	operations_without_objects	8~9x2~9=?		horizontal			16~81				
			250005	operations_without_objects	2~9x2~9=?		horizontal			4~81				
SpecialTest_26	1	260001~260010, 260001~260010, 260001~260010, 260001~260010, 260001~260010												
			260001	word_problem	मिरांडा ने 18 ब्राउनी को बेक किया। उसने 2 प्लेटों पर समान संख्या में ब्राउनी रखी। प्रत्येक प्लेट पर कितने ब्राउनी होते हैं?	मिरांडा ने 18 ब्राउनी को बेक किया। उसने 2 प्लेटों पर समान संख्या में ब्राउनी रखी। प्रत्येक प्लेट पर कितने ब्राउनी होते हैं?				9				
			260002	word_problem	ایک کسان نے 16 انڈے جمع کئے ۔ انہوں نے استعمال کیے ہے 4 انڈے ناشتا بنانے کے لئے. کتنے انڈے انہوں نے چھوڑ دیئے ہیں ؟	एक किसान के पास 16 अंडे हैं और वो उन्हें समान रूप से 2 बक्से में रखता है। प्रत्येक बक्से में कितने अंडे हैं?				8				
			260003	word_problem	"سارہ نے 6 پھول اٹھایا ۔ انہوں نے دو گلدان میں پھولوں کی ایک برابر تعداد ڈال دیا. کتنے پھول اس نے ہر گلدستے میں ڈال دیا ؟"	सारा ने 6 फूल चुने। उसने फूलों को समान मात्रा में 2 फूलदानों में डाल दिया। प्रत्येक फूलदान में उसने कितने फूल डालें ?				3				
			260004	word_problem	شانٹی ایک درخت سے 6 مانگوس اٹھایا. انہوں نے تین خانوں میں مانگوس کی ایک برابر تعداد ڈال دیا. کتنے مانگوس وہ ہر باکس میں ڈال دیا ؟	शेन ने एक पेड़ से 6 आम निकाले। उन्होंने आमों की एक समान संख्या को 3 बक्से में रखा। प्रत्येक बक्से में उसने कितने आम रखे?				2				
			260005	word_problem	20 طالب علموں کو استاد کی طرف سے 4 گروپوں میں تقسیم کیا گیا تھا. کتنے طلباء ہر گروپ میں ہیں ؟	20 छात्रों को शिक्षक द्वारा 4 समूहों में समान रूप से विभाजित किया गया था। प्रत्येक समूह में कितने छात्र हैं?				5				
			260006	word_problem	2 بچوں کا اشتراک 8 مٹھائی پر برابر ہے. کتنے مٹھائی ہر بچہ حاصل کرتا ہے ؟	2 बच्चे 8 मिठाई समान रूप से साझा करते हैं। प्रत्येक बच्चे को कितनी मिठाई मिलती है?				4				
			260007	word_problem	آپ اور آپ کی بہن یکساں طور پر چپس کے 10 پیکٹ کا اشتراک کرتی ہیں . کتنے چپس کے پیکٹ آپ میں سے ہر ایک حاصل کریں گے?	आप और आपकी बहन समान रूप से चिप्स के 10 बैग साझा करते हैं। चिप्स के कितने बैग प्रत्येक को मिलेंगे?				5				
			260008	word_problem	3 دوست 12 کینڈی یکساں طور پر شیئر کرتی ہے. کتنے کینڈی ہر دوست کو ملتا ہے ؟	3 मित्र समान रूप से 12 कैंडी साझा करते हैं। प्रत्येक मित्र को कितने कैंडी मिलेंगे?				4				
			260009	word_problem	جناب سمپسن کی کلاس میں 18 کتابیں ہیں ۔ انہوں نے 3 شیلف پر یکساں طور پر ترتیب سے رکھ دیا . کتنی کتابیں ہر شیلف پر ہیں ؟	श्री सिम्पसन की कक्षा में 18 पुस्तकें हैं। वह उन्हें 3 अलमारियों पर समान रूप से रखते है। प्रत्येक अलमारी पर कितनी किताबें रखी हुई हैं?				6				
			260010	word_problem	مارکو نے 12 مچھلی خریدے ۔ انہوں نے چار ٹینکوں میں مچھلی کی ایک برابر تعداد ڈال دیا. کتنے مچھلی ہر ٹینک میں ہیں ؟	मार्को ने 12 मछलियाँ खरीदीं। उसने मछलियों की संख्या 4 टैंकों में बराबर कर दी। प्रत्येक टैंक में कितनी मछलियाँ हैं?				3				
SpecialTest_27	1	270001~270010, 270001~270010, 270001~270010, 270001~270010, 270001~270010												
			270001	word_problem	مائیک کے پاس 3 جوڑے جرابیں ہے. ہر جوڑی میں 2 جرابوں ہے. کتنے جرابیں مائیک کے پاس ہے ؟	माइक के पास 3 जोड़ी मोजे हैं। प्रत्येक जोड़ी में 2 मोजे हैं। माइक के पास कितने मोजे हैं?				6				
			270002	word_problem	الیی نے 2 مانگوس کے خانوں کو خریدا ۔ ہر باکس میں 4 مانگوس ہے. کتنی مانگوس وہ خریدتے ہے ؟	एली ने आम के 2 बोक्स खरीदे। प्रत्येक बोक्स में 4 आम हैं। उसने कितने आम खरीदे?				8				
			270003	word_problem	چراگاہ میں 3 بحیدین ہیں ، ہر بھید كے 4 بچنے ہیں کتنے میمنی چراگاہ میں ہیں ؟	चरागाह में 3 भेड़ें हैं। प्रत्येक भेड़ के 4 बच्चे होते हैं। चरागाह में कितने मेमने हैं?				12				
			270004	word_problem	جین برتن میں 3 پھول کی گنتی کی . ہر پھول میں 5 پنکھڑییا ہے. کتنے پنکھڑییا ہیں ؟	जेन ने फ्लावर पॉट में 3 फूलों की गिनती की। प्रत्येक फूल में 5 पंखुड़ियाँ होती हैं। सभी में कितनी पंखुड़ियाँ हैं?				15				
			270005	word_problem	खेत पर 2 वैगन हैं। प्रत्येक वैगन में 8 बच्चे होते हैं। कितने बच्चे वैगनों में हैं?	खेत पर 2 वैगन हैं। प्रत्येक वैगन में 8 बच्चे होते हैं। कितने बच्चे वैगनों में हैं?				16				
			270006	word_problem	ایک مکھی میں 6 ٹانگیں ہیں. کتنی ٹانگیں 2 شہد کی مکھی میں ہے ؟	एक मधुमक्खी के 6 पैर होते हैं। 2 मधुमक्खियों के कितने पैर होते हैं?				12				
			270007	word_problem	ایک بظخ كے 2 ٹانگیں ہے. کتنی ٹانگیں 3 بظخ كے ہیں ؟	एक बतख के 2 पैर होते हैं। 3 बतख के कितने पैर हैं?				6				
			270008	word_problem	شیلی ڈونٹس کے 4 خانوں کو خریدا ۔ ہر باکس میں 5 ڈونٹس شامل ہیں. کتنے ڈونٹس وہ مکمل طور پر خریدتے تھے ؟	शेल्ली ने डोनट्स के 4 बोक्स खरीदे। प्रत्येक बोक्स में 5 डोनट्स होते हैं। उसने कुल कितने डोनट्स खरीदे?				20				
			270009	word_problem	ایک میل چلانے کے لئے سیلی کو 7 منٹ لگتے ہیں. 4 میل چلانے کے لئے کتنا وقت لگے گا ؟	सैली को एक मील चलने के लिए 7 मिनट लगते हैं। 4 मील चलने में उसे कितना समय लगेगा?				28				
			270010	word_problem	کٹ, روتھ, اور ڈین ہر ایک پیزا کے 2 ٹکڑے کھایا. کتنے پیزا کے ٹکڑے ان سب نے کھایا ؟	किट रूथ और डीन ने पिज़्ज़ा के 2 स्लाइस खाए। पिज़्ज़ा के कितने स्लाइस उन्होंने सभी में खाए?				6				
SpecialTest_28	1	280001~280004, 280005~280008, 280009, 280010, 280011												
			280001	shapes	which	کون سی شکل سرکل ہے؟	कौनसा सरकल है?			circle	circle,square,triangle,rectangle			
			280002	shapes	which	کون سی شکل اسکوائر ہے؟	कौनसा स्क्वायर है?			square	circle,square,triangle,rectangle			
			280003	shapes	which	کون سی شکل ٹرائینگل ہے؟	कौनसा ट्रायंगल है?			triangle	circle,square,triangle,rectangle			
			280004	shapes	which	کون سی شکل رکٹینگل ہے؟	कौन सा रैक्टेंगल है?			rectangle	circle,square,triangle,rectangle			
			280005	shapes	which	کون سی شکل پینٹاگون ہے؟	कौनसा पेंटागॉन  है?			pentagon	pentagon,hexagon,parallelogram,trapezoid			
			280006	shapes	which	کون سی شکل ہیگژاگون ہے؟	कोनसा हेक्सागॉन है ?			hexagon	pentagon,hexagon,parallelogram,trapezoid			
			280007	shapes	which	کون سی شکل پیرللوگرام ہے؟	कौनसा पॅरललोग्राम है?			parallelogram	pentagon,hexagon,parallelogram,trapezoid			
			280008	shapes	which	کون سی شکل ٹریپیزوئڈ ہے؟	कौनसा ट्रापेज़ोइड है?			trapezoid	pentagon,hexagon,parallelogram,trapezoid			
			280009	shapes	what	شکل پہچانیں؟	यह कौन सा आकार है?			pentagon,hexagon,parallelogram,trapezoid	pentagon,hexagon,parallelogram,trapezoid			
			280010	shapes	what	شکل پہچانیں؟	यह कौन सा आकार है?			circle,square,triangle,rectangle	circle,square,triangle,rectangle			
			280011	shapes	what	شکل پہچانیں؟	यह कौन सा आकार है?			cylinder,cube,sphere,cone	cylinder,cube,sphere,cone			
FishTest_1_1	1	111, 111, 112, 112, 111												
			111	single_digit_numbers	कितने हैं?					1~4				
			112	recognize_number						1~4				
FishTest_1_2	1	121, 121, 122, 122, 121												
			121	recognize_number						1~4				
			122	single_digit_numbers	कितने हैं?					4~7				
FishTest_1_3	1	131, 131, 132, 132, 131												
			131	single_digit_numbers	कितने हैं?					3~6				
			132	recognize_number						3~7				
FishTest_2_1	1	211, 211, 212, 212, 211												
			211	single_digit_numbers	कितने हैं?					4~7				
			212	recognize_number						3~7				
FishTest_2_2	1	221, 221, 222, 222, 221												
			221	single_digit_numbers	कितने हैं?					6~9				
			222	recognize_number						5~9				
FishTest_2_3	1	231, 232, 233, 233, 234												
			231	recognize_number						5~9				
			232	number_identification						10				
			233	single_digit_numbers	कितने हैं?					6~9				
			234	2digit_numbers	कितने हैं?					10	5~10			
FishTest_3_1	1	311, 311, 312, 312, 311												
			311	recognize_number						6~9				
			312	2digit_numbers	कितने हैं?					11~15				
FishTest_3_2	1	321, 321, 322, 322, 321												
			321	recognize_number						11~15				
			322	2digit_numbers	कितने हैं?					16~20				
FishTest_3_3	1	331, 332, 332, 333, 333												
			331	recognize_number						16~20				
			332	bigger_and_smaller	bigger	image	lineup	کونسا گروہ چھوٹا ہے؟	कौन सा समूह बड़ा है	1~10				
			333	bigger_and_smaller	smaller	number		کون سا عدد چھوٹا ہے؟	कौन सा छोटा है	1~10				
FishTest_4_1	1	411, 412, 413, 414, 415												
			411	2digit_numbers	कितने हैं?					10~20				
			412	2digit_numbers	कितने हैं?					17~20				
			413	recognize_number						1~20				
			414	number_identification						11~19				
			415	missing_number_drag	1	4	ascending			1~5				
FishTest_4_2	1	421, 422, 423, 424, 425												
			421	operations_with_objects	1~4+1~4=?					2~5				
			422	operations_with_objects	1~4+1~4=?					2~5				
			423	operations_with_objects	1~4+1~4=?					2~5				
			424	operations_with_objects	2~5-1~4=?					1~4				
			425	missing_number_drag	1	4	descending			1~5				
FishTest_4_3	1	431, 432, 433, 434, 435												
			431	bigger_and_smaller	bigger	number		کون سا عدد بڑا ہے؟	 कौन सा बड़ा है	1~10				
			432	bigger_and_smaller	smaller	number		کون سا عدد چھوٹا ہے؟	कौन सा छोटा है	1~10				
			433	biggest_and_smallest	biggest	کون سا عدد سب سے بڑا ہے؟	कौन सा सबसे बड़ा है			1~10				
			434	biggest_and_smallest	smallest	کون سا عدد سب سے چھوٹا ہے؟	कौन सा सबसे छोटा है			1~10				
			435	compare_number_magnitudes	ascending	اعداد کو چھوٹے سے بڑے کی ترتیب دیں	सबसे छोटे से लेकर सबसे बड़े तक के क्रम में संख्या को रखे			1~10				
FishTest_5_1	1	511, 512, 513, 514, 515												
			511	recognize_number						21~50				
			512	number_identification						51~99				
			513	compare_number_magnitudes	ascending	اعداد کو چھوٹے سے بڑے کی ترتیب دیں	सबसे छोटे से लेकर सबसे बड़े तक के क्रम में संख्या को रखे			1~20				
			514	missing_number_drag	1	4	ascending			1~10				
			515	bigger_and_smaller	bigger	number		کون سا عدد بڑا ہے؟	 कौन सा बड़ा है	20~50				
FishTest_5_2	1	521, 522, 523, 524, 525												
			521	2digit_numbers	कितने हैं?					51~100				
			522	compare_number_magnitudes	ascending	اعداد کو چھوٹے سے بڑے کی ترتیب دیں	सबसे छोटे से लेकर सबसे बड़े तक के क्रम में संख्या को रखे			1~20				
			523	operations_with_objects	2~10-1~4=?					1~9				
			524	operations_with_objects	2~10-5~9=?					1~9				
			525	operations_drag	1~5+1~5=?		vertical			1~9				
FishTest_5_3	1	531, 532, 533, 534, 535												
			531	operations_with_objects	10~19+1~9=?	regroupingfalse				1~20				
			532	operations_with_objects	1~9+10~19=?	regroupingfalse				1~20				
			533	operations_drag	1~9+1~9=?		vertical			1~10				
			534	operations_drag	1~10-1~9=?		vertical			1~9				
			535	missing_number_drag	2	4	ascending			1~20	2			
FishTest_6_1	1	611, 612, 613, 614, 615												
			611	operations_drag	10+1~9=?		vertical			11~19				
			612	operations_drag	11~20+1~10=?		vertical			11~19				
			613	missing_number_drag	10	4	descending			1~50	10			
			614	operations_with_objects	1~9+1~9=?	regroupingtrue				1~20				
			615	use_magnitude_symbols	11~50	11~50	خالی جاگہ میں بھریں .	 खाली स्थान भरें						
FishTest_6_2	1	621, 622, 623, 624, 625												
			621	operations_with_objects	1~9+1~9=?					10				
			622	operations_with_objects	1~9+1~9=?	regroupingtrue				11~20				
			623	operations_drag	11~20-1~10=?		vertical			10~20				
			624	operations_drag	11~19-1~9=?	regroupingfalse	vertical			10~18				
			625	compare_number_magnitudes	ascending	اعداد کو چھوٹے سے بڑے کی ترتیب دیں	सबसे छोटे से लेकर सबसे बड़े तक के क्रम में संख्या को रखे			1~50				
FishTest_7_1	1	711, 712, 713, 714, 715												
			711	missing_number_drag	1	3	ascending			51~100				
			712	missing_number_drag	10	4	ascending			51~100	10			
			713	number_identification						51~100				
			714	operations_with_objects	11~19+1~9=?	regroupingtrue				20				
			715	operations_drag	1~9+1~9=?	regroupingtrue	vertical			10~19				
FishTest_7_2	1	721~722, 723, 724, 725, 726												
			721	biggest_and_smallest	biggest	کون سا عدد سب سے بڑا ہے؟	कौन सा सबसे बड़ा है			51~100				
			722	biggest_and_smallest	smallest	کون سا عدد سب سے چھوٹا ہے؟	कौन सा सबसे छोटा है			51~100				
			723	use_magnitude_symbols	51~100	51~100	خالی جاگہ میں بھریں .	 खाली स्थान भरें						
			724	operations_drag	11~20-10=?		horizontal			1~10				
			725	operations_drag	1~9+1~9=?	regroupingtrue	vertical			11~20				
			726	compare_number_magnitudes	ascending	اعداد کو چھوٹے سے بڑے کی ترتیب دیں	सबसे छोटे से लेकर सबसे बड़े तक के क्रम में संख्या को रखे			51~99				
FishTest_7_3	1	731, 732, 733, 734~735, 736												
			731	missing_number_drag	10	3	descending			51~100	10			
			732	operations_with_objects	11~19-1~9=?	regroupingtrue				1~10				
			733	operations_drag	11~20-1~9=?	regroupingtrue	vertical			1~19				
			734	operations_drag	20-1~9=?	regroupingtrue	vertical			11~19				
			735	operations_drag	20-11~19=?	regroupingtrue	vertical			1~9				
			736	compare_number_magnitudes	descending	اعداد کو بڑے سے چھوٹے کی ترتیب دیں	सबसे बड़े से लेकर सबसे छोटे तक के क्रम में संख्या को रखे			71~99				
FishTest_8_1	1	811, 812~813, 814, 815, 816												
			811	missing_number_drag	3	4	ascending			1~20	3			
			812	operations_with_objects	11~19-1~9=?	regroupingtrue				1~9				
			813	operations_drag	11~19-1~9=?	regroupingtrue	vertical			1~9				
			814	operations_with_objects	20-1~9=?	regroupingtrue				11~19				
			815	compare_number_magnitudes	ascending	اعداد کو چھوٹے سے بڑے کی ترتیب دیں	सबसे छोटे से लेकर सबसे बड़े तक के क्रम में संख्या को रखे			51~99				
			816	word_problem	7 سرخ سیب اور 2 سبز سیب ٹوکری میں ہیں. کتنے سیب ٹوکری میں ہیں ؟	7 रेड एप्पल और 2 ग्रीन एप्पल टोकरी में हैं। टोकरी में कितने एप्पल हैं?				9				
FishTest_8_2	1	821, 822, 823, 824, 825												
			821	missing_number_drag	2	4	descending			1~10	2			
			822	operations_drag	11~19+11~19=?	regroupingfalse	horizontal			20~30				
			823	operations_drag	20-1~10=?		horizontal			1~10				
			824	compare_number_magnitudes	descending	اعداد کو بڑے سے چھوٹے کی ترتیب دیں	सबसे बड़े से लेकर सबसे छोटे तक के क्रम में संख्या को रखे			51~99				
			825	word_problem	بلی كے پاس 2 مربلیس ہیں . اینڈرے كے پاس بلی سے 3 زیادہ مربلیس ہیں . اینڈرے كے پاس کل کتنے مربلیس ہیں ؟	बिली के पास 2 मार्बल्स हैं। ऑड्रे के पास बिली की तुलना में 3 अधिक मार्बल्स हैं। ऑड्रे के पास कितने मार्बल्स हैं?				5				
FishTest_8_3	1	831, 832, 833, 834, 835												
			831	compare_number_magnitudes	ascending	اعداد کو چھوٹے سے بڑے کی ترتیب دیں	सबसे छोटे से लेकर सबसे बड़े तक के क्रम में संख्या को रखे			71~99				
			832	missing_number_drag	2	3	descending			11~30	2			
			833	operations_with_objects	11~19+11~19=?	regroupingtrue				20~40				
			834	operations_drag	21~50-10~20=?	regroupingfalse	vertical			1~40				
			835	word_problem	ٹیبل پر 5 سیب رکھے ہیں . سام 2 سیب کھا لیتا ہے . ٹیبل پر اب کتنے سب بچے ہیں ؟	Five एपल्स टेबल पर हैं। सैम two एपल्स खाता है। टेबल पर कितने सेब बचे हैं?				3				
FishTest_9_1	1	911, 912, 913, 914, 915												
			911	use_magnitude_symbols	100, 200, 300, 400, 500, 600, 700, 800, 900	100, 200, 300, 400, 500, 600, 700, 800, 900	خالی جاگہ میں بھریں .	 खाली स्थान भरें						
			912	missing_number_drag	2	4	descending			50~100	2			
			913	operations_drag	11~50+11~50=?	regroupingfalse	vertical			20~50				
			914	operations_drag	11~50-11~50=?	regroupingfalse	vertical			20~50				
			915	word_problem	پانی کے ٹینک میں 14 مچھلی ہیں. اس کے بعد بھی ٹینک میں 3 مزید مچھلی ڈال دی. کتنی مچھلی وہاں ہیں ؟	एक पानी की टंकी में 14 मछलियाँ हैं। केरी ने 3 और मछलियाँ टंकी में डालीं। टंकी में कितनी मछलियां हैं?				17				
FishTest_9_2	1	921, 922, 923, 924, 925												
			921	compare_number_magnitudes	descending	اعداد کو چھوٹے سے بڑے کی ترتیب دیں	सबसे छोटे से लेकर सबसे बड़े तक के क्रम में संख्या को रखे			51~100				
			922	missing_number_drag	1	4	ascending			100~500				
			923	operations_drag	21~40+11~20=?	regroupingtrue	vertical			30~60				
			924	word_problem	رات کے کھانے کی میز پر 10 پلیٹیں موجود ہیں. پلیٹیں سے زیادہ 5 زیادہ لوگ ہیں. کتنے لوگ رات کے کھانے پر ہیں ؟	खाने की मेज पर 10 प्लेटें हैं। प्लेटों की तुलना में 5 अधिक लोग हैं। कुल कितने लोग हैं?				15				
			925	word_problem	ایک باڑ پر 12 بلیاں ہیں. 1 بلی باڑ کے نیچے چھلانگ لگاتی ہے. کتنی بلیوں کو باڑ پر چھوڑ دیا جاتا ہے ؟	एक बाड़ पर 12 बिल्लियाँ हैं। 1 बिल्ली बाड़ से नीचे कूदती है। अब कितनी बिल्लियाँ बाड़ पर हैं?				11				
FishTest_9_3	1	931, 932, 933, 934, 935												
			931	missing_number_drag	100	2	ascending			100~900	100			
			932	operations_drag	11~18-1~9=?	regroupingtrue	horizontal			1~9				
			933	operations_drag	21~50-11~30=?	regroupingtrue	vertical			1~40				
			934	word_problem	جینٹ ہے 8 نارنگیاں اور شیرون ہے 4 نارنگیاں. کتنے نارنگیاں کرتے ہیں وہ مکمل طور پر ؟	जेनेट के पास 8 संतरे हैं और शेरोन के पास 4 संतरे हैं। उनके पास कुल मिलाकर कितने संतरे हैं?				12				
			935	word_problem	سینڈی کی 5 سال کی عمر ہے. میا کی عمر ہے سینڈی سے 7 زیادہ سال. میا کی عمر کتنی ہے ؟	सैंडी की उम्र 5 साल है। मिया सैंडी से 7 साल बड़ी है। मिया कितनी साल की है?				12				
FishTest_10_1	1	1011~1013, 1014, 1015, 1016, 1017												
			1011	operations_drag	11~99+10, 20, 30, 40, 50, 60, 70, 70, 80=?		horizontal			1~100				
			1012	operations_drag	10, 20, 30, 40, 50, 60, 70, 80+11~99=?		horizontal			1~100				
			1013	operations_drag	11~99-10, 20, 30, 40, 50, 60, 70, 80, 90=?		horizontal			1~100				
			1014	operations_without_objects	2, 3, 4, 5x1~9=?		horizontal			2~45				
			1015	missing_number_drag	10	3	ascending			500~990	10			
			1016	word_problem	جین کے پاس 9 گببارے ہے. 6 سبز ہیں اور باقی نیلے ہیں. کتنے گببارے نیلے ہیں ؟	जेन के पास 9 गुब्बारे हैं। 6 ग्रीन  हैं और बाकी ब्लू हैं। ब्लू गुब्बारे कितने हैं?				3				
			1017	shapes	what	شکل پہچانیں؟	यह कौन सा आकार है?			circle,square,triangle,rectangle	circle,square,triangle,rectangle			
FishTest_10_2	1	1021~1022, 1023, 1024, 1025, 1026												
			1021	missing_number_drag	1	4	descending			100~999				
			1022	missing_number_drag	5	3	ascending			100~999	5			
			1023	operations_drag	31~50+20~50=?	regroupingfalse	vertical			1~100				
			1024	operations_drag	31~50-11~20=?	regroupingfalse	vertical			1~50				
			1025	operations_without_objects	6, 7, 8, 9x1~9=?		horizontal			6~81				
			1026	word_problem	ایک کسان كے پاس 7 سیب کے درخت تھے. اس نے کچھ زیادہ درختوں کو خریدا اور اب اس کے باگ میں 10 سیب کے درخت ہیں. کتنے سیب کے درخت وہ خریدتے ہیں ؟	एक किसान के पास 7 एप्पल के पेड़ थे। उसने कुछ और पेड़ खरीदे और अब उसके बाग में 10 एप्पल के पेड़ हैं। उसने कितने एप्पल के पेड़ खरीदे?				3				
FishTest_10_3	1	1031, 1032, 1033, 1034,1035												
			1031	operations_drag	11~30+20~70=?	regroupingtrue	vertical			1~100				
			1032	operations_drag	20~70-11~30=?	regroupingtrue	vertical			1~100				
			1033	missing_number_drag	10	4	descending			100~999	10			
			1034	word_problem	ٹینس ٹیم میں 12 کھلاڑی ہیں. کھلاڑیوں میں 6 لڑکیاں ہیں. کچھ لڑکے ہیں. کتنے ٹینس کھلاڑی لڑکے ہیں ؟	टेनिस टीम में 12 खिलाड़ी हैं। खिलाडियों में से 6 लड़कियां हैं। कुछ लडक़े हैं। कितने टेनिस खिलाड़ी लडक़े हैं?				6				
			1035	shapes	what	شکل پہچانیں؟	यह कौन सा आकार है?			pentagon,hexagon,parallelogram,trapezoid	pentagon,hexagon,parallelogram,trapezoid			
