en-uk_1.m4a	00:00:00.88
en-uk_10.m4a	00:00:01.09
en-uk_11.m4a	00:00:01.16
en-uk_12.m4a	00:00:01.04
en-uk_120.m4a	00:00:01.83
en-uk_16.m4a	00:00:01.39
en-uk_1922.m4a	00:00:02.02
en-uk_1940.m4a	00:00:01.90
en-uk_2.m4a	00:00:00.77
en-uk_25.m4a	00:00:01.56
en-uk_3.m4a	00:00:01.00
en-uk_4.m4a	00:00:01.37
en-uk_5.m4a	00:00:01.32
en-uk_6.m4a	00:00:01.30
en-uk_7.m4a	00:00:01.28
en-uk_8.m4a	00:00:01.28
en-uk_9.m4a	00:00:01.02
en-uk_a.m4a	00:00:00.28
en-uk_about.m4a	00:00:00.93
en-uk_above.m4a	00:00:01.25
en-uk_accidentally.m4a	00:00:01.25
en-uk_across.m4a	00:00:01.02
en-uk_actually.m4a	00:00:01.09
en-uk_addition.m4a	00:00:01.21
en-uk_address.m4a	00:00:01.11
en-uk_adds.m4a	00:00:01.16
en-uk_afraid.m4a	00:00:00.98
en-uk_africa.m4a	00:00:00.84
en-uk_after.m4a	00:00:00.88
en-uk_afternoon.m4a	00:00:01.09
en-uk_again.m4a	00:00:00.91
en-uk_ahead.m4a	00:00:01.16
en-uk_airplane.m4a	00:00:01.28
en-uk_airplanes.m4a	00:00:01.30
en-uk_airport.m4a	00:00:01.25
en-uk_airports.m4a	00:00:01.28
en-uk_alive.m4a	00:00:01.16
en-uk_all.m4a	00:00:00.65
en-uk_alligator.m4a	00:00:01.00
en-uk_almost.m4a	00:00:01.07
en-uk_alon.m4a	00:00:00.81
en-uk_alone.m4a	00:00:00.91
en-uk_along.m4a	00:00:00.74
en-uk_already.m4a	00:00:01.25
en-uk_also.m4a	00:00:00.93
en-uk_always.m4a	00:00:01.09
en-uk_am.m4a	00:00:00.74
en-uk_amana.m4a	00:00:01.16
en-uk_amazing.m4a	00:00:01.07
en-uk_among.m4a	00:00:00.86
en-uk_amongst.m4a	00:00:01.02
en-uk_an.m4a	00:00:00.77
en-uk_and.m4a	00:00:00.91
en-uk_angles.m4a	00:00:01.09
en-uk_angry.m4a	00:00:00.98
en-uk_animal.m4a	00:00:00.79
en-uk_animals.m4a	00:00:01.11
en-uk_anna.m4a	00:00:00.70
en-uk_announce.m4a	00:00:00.98
en-uk_another.m4a	00:00:00.91
en-uk_answer.m4a	00:00:00.84
en-uk_antelopes.m4a	00:00:01.39
en-uk_any.m4a	00:00:00.65
en-uk_anymore.m4a	00:00:01.16
en-uk_anyone.m4a	00:00:00.91
en-uk_anything.m4a	00:00:00.93
en-uk_anyway.m4a	00:00:00.88
en-uk_apart.m4a	00:00:01.16
en-uk_apology.m4a	00:00:01.02
en-uk_approached.m4a	00:00:01.14
en-uk_are.m4a	00:00:00.72
en-uk_arm.m4a	00:00:01.16
en-uk_arms.m4a	00:00:01.02
en-uk_around.m4a	00:00:01.04
en-uk_artist.m4a	00:00:01.04
en-uk_as.m4a	00:00:00.77
en-uk_ask.m4a	00:00:00.86
en-uk_asked.m4a	00:00:00.91
en-uk_asks.m4a	00:00:01.00
en-uk_asleep.m4a	00:00:00.91
en-uk_at.m4a	00:00:00.81
en-uk_ate.m4a	00:00:00.74
en-uk_attack.m4a	00:00:01.00
en-uk_attacks.m4a	00:00:01.56
en-uk_awake.m4a	00:00:00.88
en-uk_award.m4a	00:00:00.95
en-uk_away.m4a	00:00:00.79
en-uk_awoke.m4a	00:00:00.98
en-uk_baa.m4a	00:00:00.91
en-uk_baba.m4a	00:00:01.16
en-uk_baboon.m4a	00:00:00.88
en-uk_baby.m4a	00:00:00.74
en-uk_back.m4a	00:00:00.79
en-uk_backs.m4a	00:00:01.16
en-uk_bad.m4a	00:00:00.77
en-uk_bag.m4a	00:00:01.16
en-uk_bags.m4a	00:00:01.16
en-uk_baked.m4a	00:00:00.81
en-uk_ball.m4a	00:00:00.74
en-uk_balloons.m4a	00:00:01.16
en-uk_bananas.m4a	00:00:01.21
en-uk_basket.m4a	00:00:01.02
en-uk_baskets.m4a	00:00:01.16
en-uk_bat.m4a	00:00:00.81
en-uk_bathe.m4a	00:00:01.16
en-uk_be.m4a	00:00:00.72
en-uk_beach.m4a	00:00:00.86
en-uk_beans.m4a	00:00:01.16
en-uk_bear.m4a	00:00:00.84
en-uk_bear1s.m4a	00:00:00.84
en-uk_beat.m4a	00:00:00.70
en-uk_beautiful.m4a	00:00:01.04
en-uk_became.m4a	00:00:00.91
en-uk_because.m4a	00:00:01.02
en-uk_bed.m4a	00:00:00.65
en-uk_bee.m4a	00:00:00.84
en-uk_been.m4a	00:00:00.79
en-uk_beetles.m4a	00:00:01.00
en-uk_before.m4a	00:00:00.79
en-uk_began.m4a	00:00:00.79
en-uk_behind.m4a	00:00:01.02
en-uk_being.m4a	00:00:00.70
en-uk_believed.m4a	00:00:01.21
en-uk_belly.m4a	00:00:00.58
en-uk_belong.m4a	00:00:01.16
en-uk_below.m4a	00:00:00.77
en-uk_belt.m4a	00:00:00.77
en-uk_bend.m4a	00:00:00.84
en-uk_bending.m4a	00:00:00.84
en-uk_beside.m4a	00:00:01.04
en-uk_best.m4a	00:00:00.93
en-uk_bet.m4a	00:00:00.74
en-uk_better.m4a	00:00:00.70
en-uk_bicycle.m4a	00:00:00.81
en-uk_big.m4a	00:00:00.58
en-uk_bigger.m4a	00:00:00.63
en-uk_bike.m4a	00:00:00.63
en-uk_bill.m4a	00:00:00.79
en-uk_bill1s.m4a	00:00:00.88
en-uk_bird's.m4a	00:00:01.16
en-uk_bird.m4a	00:00:00.72
en-uk_bird1s.m4a	00:00:00.91
en-uk_birds.m4a	00:00:00.98
en-uk_birthday.m4a	00:00:00.91
en-uk_bit.m4a	00:00:00.65
en-uk_blanket.m4a	00:00:01.11
en-uk_blankets.m4a	00:00:01.21
en-uk_block.m4a	00:00:00.81
en-uk_blood.m4a	00:00:01.16
en-uk_blows.m4a	00:00:00.98
en-uk_blue.m4a	00:00:00.84
en-uk_boar.m4a	00:00:00.65
en-uk_boat.m4a	00:00:00.70
en-uk_bodies.m4a	00:00:01.16
en-uk_body.m4a	00:00:00.67
en-uk_boils.m4a	00:00:01.16
en-uk_bones.m4a	00:00:01.02
en-uk_book.m4a	00:00:00.65
en-uk_books.m4a	00:00:00.88
en-uk_boots.m4a	00:00:00.84
en-uk_born.m4a	00:00:00.79
en-uk_both.m4a	00:00:00.67
en-uk_bottle.m4a	00:00:01.16
en-uk_bottles.m4a	00:00:00.93
en-uk_bought.m4a	00:00:01.16
en-uk_box.m4a	00:00:00.84
en-uk_boy.m4a	00:00:00.58
en-uk_boys.m4a	00:00:00.88
en-uk_branch.m4a	00:00:01.02
en-uk_branches.m4a	00:00:01.09
en-uk_bread.m4a	00:00:00.74
en-uk_breads.m4a	00:00:00.81
en-uk_break.m4a	00:00:00.81
en-uk_breakfast.m4a	00:00:01.14
en-uk_breath.m4a	00:00:00.88
en-uk_brick.m4a	00:00:00.77
en-uk_bright.m4a	00:00:00.91
en-uk_bring.m4a	00:00:00.84
en-uk_brother.m4a	00:00:00.74
en-uk_brown.m4a	00:00:00.81
en-uk_brush.m4a	00:00:00.84
en-uk_bubbles.m4a	00:00:00.93
en-uk_buffalo.m4a	00:00:00.81
en-uk_buffaloes.m4a	00:00:01.11
en-uk_bug.m4a	00:00:01.16
en-uk_bugs.m4a	00:00:00.91
en-uk_building.m4a	00:00:01.16
en-uk_buildings.m4a	00:00:01.16
en-uk_built.m4a	00:00:00.79
en-uk_bunch.m4a	00:00:00.81
en-uk_bunches.m4a	00:00:01.00
en-uk_burn.m4a	00:00:00.74
en-uk_burst.m4a	00:00:00.98
en-uk_bus.m4a	00:00:00.84
en-uk_bush.m4a	00:00:01.16
en-uk_busy.m4a	00:00:01.16
en-uk_but.m4a	00:00:00.74
en-uk_butiama.m4a	00:00:01.16
en-uk_butterflies.m4a	00:00:01.16
en-uk_buy.m4a	00:00:00.67
en-uk_buys.m4a	00:00:01.16
en-uk_by.m4a	00:00:00.65
en-uk_cabbage.m4a	00:00:01.16
en-uk_cake.m4a	00:00:00.81
en-uk_calf.m4a	00:00:01.16
en-uk_call.m4a	00:00:00.77
en-uk_called.m4a	00:00:00.84
en-uk_calves.m4a	00:00:01.16
en-uk_came.m4a	00:00:00.84
en-uk_can't.m4a	00:00:01.16
en-uk_can.m4a	00:00:00.84
en-uk_can1t.m4a	00:00:00.93
en-uk_candles.m4a	00:00:01.14
en-uk_candy.m4a	00:00:01.04
en-uk_cannot.m4a	00:00:01.07
en-uk_caps.m4a	00:00:01.16
en-uk_car.m4a	00:00:00.84
en-uk_care.m4a	00:00:00.77
en-uk_careful.m4a	00:00:00.93
en-uk_carried.m4a	00:00:01.23
en-uk_carries.m4a	00:00:01.02
en-uk_carrots.m4a	00:00:01.02
en-uk_carry.m4a	00:00:00.84
en-uk_castle.m4a	00:00:00.84
en-uk_cat.m4a	00:00:00.88
en-uk_catch.m4a	00:00:00.98
en-uk_catherine.m4a	00:00:01.16
en-uk_cats.m4a	00:00:00.98
en-uk_caught.m4a	00:00:00.88
en-uk_cecelia.m4a	00:00:01.16
en-uk_ceiling.m4a	00:00:00.93
en-uk_celebrate.m4a	00:00:01.14
en-uk_celebration.m4a	00:00:01.28
en-uk_centipede.m4a	00:00:01.21
en-uk_chai.m4a	00:00:01.16
en-uk_chair.m4a	00:00:00.77
en-uk_change.m4a	00:00:01.16
en-uk_chase.m4a	00:00:01.02
en-uk_checked.m4a	00:00:01.16
en-uk_cheek.m4a	00:00:00.86
en-uk_cheeks.m4a	00:00:00.91
en-uk_cheese.m4a	00:00:00.95
en-uk_chest.m4a	00:00:01.11
en-uk_chewy.m4a	00:00:00.74
en-uk_chicken.m4a	00:00:00.67
en-uk_chickens.m4a	00:00:01.16
en-uk_child.m4a	00:00:01.00
en-uk_children.m4a	00:00:01.07
en-uk_chin.m4a	00:00:00.77
en-uk_cindy.m4a	00:00:00.95
en-uk_cindy1s.m4a	00:00:01.18
en-uk_circle.m4a	00:00:01.02
en-uk_city.m4a	00:00:01.16
en-uk_clapped.m4a	00:00:01.02
en-uk_clean.m4a	00:00:00.81
en-uk_cleaned.m4a	00:00:01.16
en-uk_cleaning.m4a	00:00:01.16
en-uk_cleans.m4a	00:00:01.16
en-uk_clear.m4a	00:00:00.79
en-uk_climb.m4a	00:00:00.88
en-uk_climbed.m4a	00:00:01.07
en-uk_climbs.m4a	00:00:01.09
en-uk_clinic.m4a	00:00:01.18
en-uk_clock.m4a	00:00:00.84
en-uk_close.m4a	00:00:00.93
en-uk_clothes.m4a	00:00:01.21
en-uk_cloud.m4a	00:00:00.93
en-uk_clouds.m4a	00:00:01.11
en-uk_clownfish.m4a	00:00:01.23
en-uk_cluck.m4a	00:00:00.86
en-uk_cock.m4a	00:00:00.77
en-uk_coconut.m4a	00:00:01.23
en-uk_coconuts.m4a	00:00:01.07
en-uk_cold.m4a	00:00:00.88
en-uk_color.m4a	00:00:00.77
en-uk_colors.m4a	00:00:00.95
en-uk_come.m4a	00:00:00.72
en-uk_comes.m4a	00:00:00.95
en-uk_coming.m4a	00:00:00.81
en-uk_confident.m4a	00:00:01.09
en-uk_confidently.m4a	00:00:01.11
en-uk_confused.m4a	00:00:01.25
en-uk_cook.m4a	00:00:00.79
en-uk_cookie.m4a	00:00:00.74
en-uk_cooking.m4a	00:00:01.25
en-uk_cool.m4a	00:00:00.72
en-uk_could.m4a	00:00:00.77
en-uk_couldn1t.m4a	00:00:00.84
en-uk_count.m4a	00:00:01.02
en-uk_counting.m4a	00:00:01.02
en-uk_country.m4a	00:00:00.91
en-uk_counts.m4a	00:00:01.23
en-uk_cow.m4a	00:00:00.84
en-uk_cows.m4a	00:00:00.98
en-uk_crawl.m4a	00:00:00.81
en-uk_crawling.m4a	00:00:00.95
en-uk_crawls.m4a	00:00:01.16
en-uk_crayon.m4a	00:00:01.00
en-uk_crayons.m4a	00:00:01.14
en-uk_cricket.m4a	00:00:00.91
en-uk_cried.m4a	00:00:00.98
en-uk_cries.m4a	00:00:01.00
en-uk_crocodile.m4a	00:00:01.02
en-uk_cropped.m4a	00:00:01.09
en-uk_crow.m4a	00:00:00.84
en-uk_crumbling.m4a	00:00:01.00
en-uk_crunchy.m4a	00:00:00.93
en-uk_crush.m4a	00:00:01.00
en-uk_crying.m4a	00:00:00.93
en-uk_cubs.m4a	00:00:00.93
en-uk_cut.m4a	00:00:01.23
en-uk_cuts.m4a	00:00:01.23
en-uk_cycle.m4a	00:00:00.95
en-uk_dad.m4a	00:00:00.72
en-uk_dance.m4a	00:00:00.95
en-uk_danced.m4a	00:00:00.98
en-uk_dancing.m4a	00:00:00.93
en-uk_dangerous.m4a	00:00:01.16
en-uk_dark.m4a	00:00:00.88
en-uk_daughter.m4a	00:00:00.84
en-uk_david.m4a	00:00:01.00
en-uk_day.m4a	00:00:00.77
en-uk_days.m4a	00:00:00.93
en-uk_dear.m4a	00:00:00.65
en-uk_decided.m4a	00:00:01.23
en-uk_deep.m4a	00:00:00.70
en-uk_delicious.m4a	00:00:01.16
en-uk_desert.m4a	00:00:00.95
en-uk_desk.m4a	00:00:00.93
en-uk_did.m4a	00:00:00.81
en-uk_didn1t.m4a	00:00:00.88
en-uk_different.m4a	00:00:01.02
en-uk_difficult.m4a	00:00:01.09
en-uk_dig.m4a	00:00:01.21
en-uk_digs.m4a	00:00:01.21
en-uk_dinner.m4a	00:00:00.67
en-uk_dinosaur.m4a	00:00:01.09
en-uk_directions.m4a	00:00:01.76
en-uk_dirt.m4a	00:00:00.86
en-uk_dirtier.m4a	00:00:00.86
en-uk_dirty.m4a	00:00:00.81
en-uk_distance.m4a	00:00:01.18
en-uk_do.m4a	00:00:00.63
en-uk_doctor's.m4a	00:00:01.16
en-uk_doctor.m4a	00:00:01.23
en-uk_does.m4a	00:00:00.81
en-uk_doesn1t.m4a	00:00:01.00
en-uk_dog.m4a	00:00:00.74
en-uk_dolphin.m4a	00:00:00.98
en-uk_dolphins.m4a	00:00:01.16
en-uk_don't.m4a	00:00:01.16
en-uk_don1t.m4a	00:00:00.81
en-uk_done.m4a	00:00:00.70
en-uk_door.m4a	00:00:00.70
en-uk_doorway.m4a	00:00:00.84
en-uk_down.m4a	00:00:00.79
en-uk_drank.m4a	00:00:00.91
en-uk_draw.m4a	00:00:00.70
en-uk_drawing.m4a	00:00:00.95
en-uk_dream.m4a	00:00:00.77
en-uk_dreaming.m4a	00:00:00.95
en-uk_dreams.m4a	00:00:01.07
en-uk_dress.m4a	00:00:00.95
en-uk_dresses.m4a	00:00:01.02
en-uk_drew.m4a	00:00:00.74
en-uk_dries.m4a	00:00:01.16
en-uk_drink.m4a	00:00:00.88
en-uk_drinks.m4a	00:00:01.16
en-uk_drive.m4a	00:00:00.98
en-uk_driver.m4a	00:00:01.04
en-uk_dropped.m4a	00:00:01.16
en-uk_drum.m4a	00:00:01.23
en-uk_drums.m4a	00:00:01.23
en-uk_dry.m4a	00:00:00.84
en-uk_duck.m4a	00:00:00.77
en-uk_dunes.m4a	00:00:01.04
en-uk_dung.m4a	00:00:00.70
en-uk_during.m4a	00:00:00.91
en-uk_each.m4a	00:00:00.79
en-uk_ear.m4a	00:00:00.72
en-uk_early.m4a	00:00:01.16
en-uk_ears.m4a	00:00:00.95
en-uk_earth.m4a	00:00:00.77
en-uk_easily.m4a	00:00:00.79
en-uk_easy.m4a	00:00:00.81
en-uk_eat.m4a	00:00:00.91
en-uk_eaten.m4a	00:00:00.77
en-uk_eating.m4a	00:00:00.88
en-uk_eats.m4a	00:00:00.91
en-uk_edith.m4a	00:00:01.16
en-uk_egg.m4a	00:00:00.79
en-uk_egg1s.m4a	00:00:01.00
en-uk_eggs.m4a	00:00:01.16
en-uk_eight.m4a	00:00:00.86
en-uk_either.m4a	00:00:00.84
en-uk_elephant's.m4a	00:00:01.32
en-uk_elephant.m4a	00:00:01.14
en-uk_elephant1s.m4a	00:00:01.11
en-uk_elephants.m4a	00:00:01.44
en-uk_eleven.m4a	00:00:01.21
en-uk_end.m4a	00:00:00.77
en-uk_ended.m4a	00:00:00.88
en-uk_engines.m4a	00:00:01.32
en-uk_england.m4a	00:00:01.25
en-uk_enjoyed.m4a	00:00:01.18
en-uk_enough.m4a	00:00:00.88
en-uk_envelope.m4a	00:00:01.09
en-uk_equal.m4a	00:00:00.79
en-uk_even.m4a	00:00:00.86
en-uk_evening.m4a	00:00:00.84
en-uk_ever.m4a	00:00:01.16
en-uk_every.m4a	00:00:00.84
en-uk_everyone.m4a	00:00:00.98
en-uk_everything.m4a	00:00:01.04
en-uk_everywhere.m4a	00:00:00.98
en-uk_except.m4a	00:00:01.16
en-uk_excited.m4a	00:00:01.42
en-uk_excuse.m4a	00:00:01.23
en-uk_excuses.m4a	00:00:01.35
en-uk_explained.m4a	00:00:01.28
en-uk_explored.m4a	00:00:01.18
en-uk_eye.m4a	00:00:00.74
en-uk_eyes.m4a	00:00:01.00
en-uk_face.m4a	00:00:00.93
en-uk_fair.m4a	00:00:00.81
en-uk_faith.m4a	00:00:00.84
en-uk_fall.m4a	00:00:00.81
en-uk_fallen.m4a	00:00:01.37
en-uk_falls.m4a	00:00:01.07
en-uk_family.m4a	00:00:00.95
en-uk_far.m4a	00:00:00.72
en-uk_farida.m4a	00:00:01.28
en-uk_farm.m4a	00:00:00.84
en-uk_farms.m4a	00:00:01.49
en-uk_fast.m4a	00:00:01.02
en-uk_faster.m4a	00:00:01.00
en-uk_fat.m4a	00:00:00.93
en-uk_father.m4a	00:00:00.84
en-uk_favorite.m4a	00:00:01.32
en-uk_fawn.m4a	00:00:00.88
en-uk_fear.m4a	00:00:00.86
en-uk_feathers.m4a	00:00:01.35
en-uk_feed.m4a	00:00:00.88
en-uk_feeding.m4a	00:00:01.44
en-uk_feel.m4a	00:00:00.86
en-uk_feeling.m4a	00:00:01.00
en-uk_feels.m4a	00:00:01.02
en-uk_feet.m4a	00:00:00.77
en-uk_fell.m4a	00:00:00.81
en-uk_felt.m4a	00:00:00.98
en-uk_fence.m4a	00:00:01.35
en-uk_festival.m4a	00:00:00.95
en-uk_few.m4a	00:00:00.79
en-uk_field.m4a	00:00:01.02
en-uk_fifth.m4a	00:00:00.79
en-uk_fight.m4a	00:00:00.95
en-uk_filled.m4a	00:00:00.91
en-uk_fills.m4a	00:00:01.16
en-uk_finally.m4a	00:00:01.02
en-uk_find.m4a	00:00:01.07
en-uk_finds.m4a	00:00:01.02
en-uk_fingers.m4a	00:00:01.32
en-uk_finish.m4a	00:00:00.95
en-uk_fire.m4a	00:00:01.32
en-uk_firefly.m4a	00:00:01.18
en-uk_first.m4a	00:00:01.16
en-uk_fish.m4a	00:00:00.98
en-uk_fishing.m4a	00:00:00.95
en-uk_fit.m4a	00:00:00.95
en-uk_five.m4a	00:00:01.00
en-uk_fix.m4a	00:00:01.04
en-uk_flew.m4a	00:00:01.04
en-uk_flies.m4a	00:00:01.14
en-uk_float.m4a	00:00:00.95
en-uk_flood.m4a	00:00:01.28
en-uk_floods.m4a	00:00:01.28
en-uk_floor.m4a	00:00:00.81
en-uk_flora.m4a	00:00:01.28
en-uk_flour.m4a	00:00:01.39
en-uk_flower.m4a	00:00:00.88
en-uk_flowers.m4a	00:00:01.07
en-uk_fluffy.m4a	00:00:00.88
en-uk_fly.m4a	00:00:00.91
en-uk_flying.m4a	00:00:01.00
en-uk_foggy.m4a	00:00:01.39
en-uk_follow.m4a	00:00:00.88
en-uk_followed.m4a	00:00:01.39
en-uk_follows.m4a	00:00:01.16
en-uk_food.m4a	00:00:00.95
en-uk_foods.m4a	00:00:01.00
en-uk_foot.m4a	00:00:01.00
en-uk_football.m4a	00:00:00.88
en-uk_for.m4a	00:00:00.70
en-uk_forehead.m4a	00:00:01.11
en-uk_forest.m4a	00:00:01.11
en-uk_forget.m4a	00:00:01.02
en-uk_forgot.m4a	00:00:01.02
en-uk_fork.m4a	00:00:01.42
en-uk_fought.m4a	00:00:00.98
en-uk_found.m4a	00:00:01.00
en-uk_four.m4a	00:00:00.88
en-uk_fourth.m4a	00:00:00.95
en-uk_fox.m4a	00:00:01.11
en-uk_frame.m4a	00:00:00.88
en-uk_free.m4a	00:00:00.91
en-uk_friend.m4a	00:00:01.00
en-uk_friends.m4a	00:00:01.16
en-uk_fries.m4a	00:00:01.35
en-uk_frog.m4a	00:00:00.91
en-uk_frogs.m4a	00:00:01.18
en-uk_from.m4a	00:00:00.79
en-uk_fruit.m4a	00:00:00.84
en-uk_fruits.m4a	00:00:01.07
en-uk_full.m4a	00:00:00.79
en-uk_fun.m4a	00:00:00.91
en-uk_gahri.m4a	00:00:00.84
en-uk_game.m4a	00:00:00.81
en-uk_gate.m4a	00:00:00.84
en-uk_gathers.m4a	00:00:01.28
en-uk_gave.m4a	00:00:00.95
en-uk_gentle.m4a	00:00:01.35
en-uk_george.m4a	00:00:00.95
en-uk_get.m4a	00:00:00.86
en-uk_gets.m4a	00:00:00.88
en-uk_getting.m4a	00:00:00.81
en-uk_giraffe.m4a	00:00:00.86
en-uk_giraffes.m4a	00:00:01.23
en-uk_girl.m4a	00:00:00.79
en-uk_girls.m4a	00:00:01.00
en-uk_give.m4a	00:00:00.72
en-uk_given.m4a	00:00:00.77
en-uk_gives.m4a	00:00:00.98
en-uk_glad.m4a	00:00:00.93
en-uk_glide.m4a	00:00:00.98
en-uk_glory's.m4a	00:00:01.35
en-uk_glory.m4a	00:00:01.16
en-uk_go.m4a	00:00:00.63
en-uk_goal.m4a	00:00:00.65
en-uk_goat.m4a	00:00:00.81
en-uk_goes.m4a	00:00:00.95
en-uk_gone.m4a	00:00:00.84
en-uk_good.m4a	00:00:00.84
en-uk_goodbye.m4a	00:00:01.23
en-uk_got.m4a	00:00:00.77
en-uk_grab.m4a	00:00:00.74
en-uk_grabbed.m4a	00:00:00.93
en-uk_grace's.m4a	00:00:01.16
en-uk_grace.m4a	00:00:01.16
en-uk_grain.m4a	00:00:00.88
en-uk_grains.m4a	00:00:01.07
en-uk_grandfather.m4a	00:00:01.30
en-uk_grandmother.m4a	00:00:01.23
en-uk_grandparents.m4a	00:00:01.70
en-uk_grapes.m4a	00:00:01.00
en-uk_grass.m4a	00:00:01.02
en-uk_grassland.m4a	00:00:01.25
en-uk_grassy.m4a	00:00:01.02
en-uk_great.m4a	00:00:01.25
en-uk_green.m4a	00:00:01.04
en-uk_greet.m4a	00:00:00.88
en-uk_greets.m4a	00:00:01.04
en-uk_grew.m4a	00:00:00.77
en-uk_grey.m4a	00:00:01.25
en-uk_ground.m4a	00:00:00.93
en-uk_groups.m4a	00:00:01.16
en-uk_grow.m4a	00:00:00.74
en-uk_growing.m4a	00:00:01.21
en-uk_grows.m4a	00:00:01.02
en-uk_guavas.m4a	00:00:01.16
en-uk_had.m4a	00:00:00.79
en-uk_hair.m4a	00:00:00.84
en-uk_halima.m4a	00:00:01.02
en-uk_hamisi's.m4a	00:00:01.49
en-uk_hamisi.m4a	00:00:01.44
en-uk_hand.m4a	00:00:00.91
en-uk_handed.m4a	00:00:00.98
en-uk_hands.m4a	00:00:01.11
en-uk_happened.m4a	00:00:01.00
en-uk_happy.m4a	00:00:00.70
en-uk_hard.m4a	00:00:00.84
en-uk_has.m4a	00:00:00.84
en-uk_hats.m4a	00:00:01.02
en-uk_have.m4a	00:00:00.93
en-uk_having.m4a	00:00:00.91
en-uk_he.m4a	00:00:00.63
en-uk_head.m4a	00:00:00.63
en-uk_heads.m4a	00:00:01.35
en-uk_hear.m4a	00:00:00.72
en-uk_heard.m4a	00:00:00.86
en-uk_hearing.m4a	00:00:01.28
en-uk_heart.m4a	00:00:01.30
en-uk_heat.m4a	00:00:01.30
en-uk_heavy.m4a	00:00:00.93
en-uk_height.m4a	00:00:00.86
en-uk_held.m4a	00:00:00.86
en-uk_helicopter.m4a	00:00:01.30
en-uk_helicopters.m4a	00:00:01.56
en-uk_hello.m4a	00:00:00.79
en-uk_help.m4a	00:00:00.95
en-uk_helped.m4a	00:00:00.93
en-uk_helping.m4a	00:00:01.04
en-uk_helps.m4a	00:00:01.09
en-uk_hen.m4a	00:00:00.63
en-uk_her.m4a	00:00:00.63
en-uk_herds.m4a	00:00:01.30
en-uk_here.m4a	00:00:00.72
en-uk_herself.m4a	00:00:01.16
en-uk_hey.m4a	00:00:01.30
en-uk_hid.m4a	00:00:01.30
en-uk_hide-and-seek.m4a	00:00:01.11
en-uk_hide.m4a	00:00:00.88
en-uk_hides.m4a	00:00:01.09
en-uk_hiding.m4a	00:00:00.95
en-uk_high.m4a	00:00:00.81
en-uk_higher.m4a	00:00:00.79
en-uk_hill.m4a	00:00:00.81
en-uk_him.m4a	00:00:00.65
en-uk_hippo.m4a	00:00:00.79
en-uk_his.m4a	00:00:00.84
en-uk_hit.m4a	00:00:00.81
en-uk_hmm.m4a	00:00:00.95
en-uk_hoe.m4a	00:00:00.72
en-uk_hold.m4a	00:00:00.93
en-uk_hole.m4a	00:00:00.77
en-uk_home.m4a	00:00:00.84
en-uk_hoot.m4a	00:00:00.77
en-uk_hospital.m4a	00:00:01.32
en-uk_hot.m4a	00:00:00.86
en-uk_hotel.m4a	00:00:01.16
en-uk_hour.m4a	00:00:00.67
en-uk_hours.m4a	00:00:01.25
en-uk_house.m4a	00:00:00.95
en-uk_how.m4a	00:00:00.84
en-uk_hug.m4a	00:00:00.79
en-uk_humans.m4a	00:00:01.18
en-uk_hundreds.m4a	00:00:01.49
en-uk_hunger.m4a	00:00:00.84
en-uk_hungry.m4a	00:00:00.84
en-uk_hunt.m4a	00:00:00.86
en-uk_hunting.m4a	00:00:00.93
en-uk_hunts.m4a	00:00:01.02
en-uk_hurt.m4a	00:00:00.88
en-uk_husk.m4a	00:00:01.35
en-uk_hyena.m4a	00:00:00.95
en-uk_i.m4a	00:00:00.67
en-uk_i1ll.m4a	00:00:00.77
en-uk_i1m.m4a	00:00:00.79
en-uk_idea.m4a	00:00:00.93
en-uk_if.m4a	00:00:00.70
en-uk_important.m4a	00:00:01.42
en-uk_in.m4a	00:00:00.84
en-uk_inched.m4a	00:00:00.88
en-uk_independence.m4a	00:00:01.95
en-uk_indigo.m4a	00:00:01.04
en-uk_injection.m4a	00:00:01.58
en-uk_insects.m4a	00:00:01.25
en-uk_inside.m4a	00:00:01.18
en-uk_instead.m4a	00:00:01.11
en-uk_into.m4a	00:00:00.98
en-uk_invited.m4a	00:00:01.25
en-uk_is.m4a	00:00:00.84
en-uk_isn't.m4a	00:00:01.16
en-uk_isn1t.m4a	00:00:01.00
en-uk_it.m4a	00:00:00.79
en-uk_its.m4a	00:00:00.88
en-uk_jackfruits.m4a	00:00:01.44
en-uk_jeff.m4a	00:00:00.86
en-uk_job.m4a	00:00:00.74
en-uk_john.m4a	00:00:00.77
en-uk_journey.m4a	00:00:01.16
en-uk_journeyed.m4a	00:00:01.07
en-uk_judy.m4a	00:00:00.81
en-uk_julius.m4a	00:00:01.16
en-uk_jump.m4a	00:00:00.79
en-uk_jumped.m4a	00:00:00.95
en-uk_jumping.m4a	00:00:00.93
en-uk_june.m4a	00:00:00.86
en-uk_jungle.m4a	00:00:01.28
en-uk_just.m4a	00:00:01.02
en-uk_kelly.m4a	00:00:00.79
en-uk_kelvin.m4a	00:00:01.32
en-uk_kept.m4a	00:00:00.91
en-uk_keyword.m4a	00:00:01.21
en-uk_kick.m4a	00:00:00.70
en-uk_kicks.m4a	00:00:00.93
en-uk_kids.m4a	00:00:01.32
en-uk_kilograms.m4a	00:00:01.93
en-uk_kind.m4a	00:00:00.93
en-uk_kinds.m4a	00:00:01.09
en-uk_king.m4a	00:00:00.81
en-uk_king1s.m4a	00:00:01.07
en-uk_kingdom.m4a	00:00:00.88
en-uk_kitten.m4a	00:00:00.79
en-uk_knees.m4a	00:00:01.00
en-uk_knew.m4a	00:00:00.86
en-uk_knife.m4a	00:00:01.21
en-uk_knocked.m4a	00:00:01.16
en-uk_know.m4a	00:00:00.77
en-uk_knows.m4a	00:00:01.04
en-uk_kway.m4a	00:00:00.81
en-uk_kweyu.m4a	00:00:01.04
en-uk_laboratory.m4a	00:00:01.42
en-uk_laid.m4a	00:00:00.93
en-uk_lake.m4a	00:00:00.86
en-uk_lakes.m4a	00:00:01.16
en-uk_land.m4a	00:00:01.00
en-uk_landed.m4a	00:00:01.11
en-uk_language.m4a	00:00:01.16
en-uk_large.m4a	00:00:01.09
en-uk_larger.m4a	00:00:00.95
en-uk_last.m4a	00:00:01.04
en-uk_late.m4a	00:00:00.91
en-uk_later.m4a	00:00:01.00
en-uk_laugh.m4a	00:00:00.74
en-uk_laughed.m4a	00:00:01.18
en-uk_leader.m4a	00:00:01.16
en-uk_leaf.m4a	00:00:01.16
en-uk_learn.m4a	00:00:00.93
en-uk_leave.m4a	00:00:00.95
en-uk_leaves.m4a	00:00:01.07
en-uk_led.m4a	00:00:00.84
en-uk_left.m4a	00:00:01.02
en-uk_leg.m4a	00:00:00.88
en-uk_legs.m4a	00:00:01.09
en-uk_leila.m4a	00:00:00.91
en-uk_leila1s.m4a	00:00:01.16
en-uk_leopard.m4a	00:00:00.95
en-uk_leopards.m4a	00:00:01.18
en-uk_less.m4a	00:00:01.00
en-uk_let's.m4a	00:00:01.23
en-uk_let.m4a	00:00:00.88
en-uk_let1s.m4a	00:00:00.88
en-uk_letter.m4a	00:00:00.86
en-uk_life.m4a	00:00:00.93
en-uk_light.m4a	00:00:00.98
en-uk_like.m4a	00:00:00.91
en-uk_liked.m4a	00:00:00.93
en-uk_likes.m4a	00:00:01.09
en-uk_line.m4a	00:00:00.91
en-uk_lion.m4a	00:00:00.95
en-uk_lions.m4a	00:00:01.28
en-uk_list.m4a	00:00:01.23
en-uk_listen.m4a	00:00:00.81
en-uk_little.m4a	00:00:00.81
en-uk_live.m4a	00:00:00.79
en-uk_lives.m4a	00:00:01.11
en-uk_living.m4a	00:00:01.28
en-uk_log.m4a	00:00:00.86
en-uk_lonely.m4a	00:00:01.02
en-uk_long.m4a	00:00:00.84
en-uk_longer.m4a	00:00:00.91
en-uk_look.m4a	00:00:00.95
en-uk_looked.m4a	00:00:00.95
en-uk_looking.m4a	00:00:00.98
en-uk_looks.m4a	00:00:01.14
en-uk_lose.m4a	00:00:01.16
en-uk_lost.m4a	00:00:01.07
en-uk_lot.m4a	00:00:00.86
en-uk_lots.m4a	00:00:01.00
en-uk_love.m4a	00:00:00.84
en-uk_loved.m4a	00:00:01.09
en-uk_lovely.m4a	00:00:00.95
en-uk_loves.m4a	00:00:01.16
en-uk_lower.m4a	00:00:01.28
en-uk_lucy.m4a	00:00:00.95
en-uk_lucy1s.m4a	00:00:01.09
en-uk_lunch.m4a	00:00:00.95
en-uk_maathai.m4a	00:00:01.09
en-uk_machines.m4a	00:00:01.44
en-uk_mad.m4a	00:00:00.98
en-uk_maddie.m4a	00:00:00.84
en-uk_maddie1s.m4a	00:00:01.11
en-uk_made.m4a	00:00:00.95
en-uk_mah.m4a	00:00:00.81
en-uk_mailbox.m4a	00:00:01.51
en-uk_make.m4a	00:00:00.91
en-uk_makes.m4a	00:00:01.04
en-uk_making.m4a	00:00:01.04
en-uk_mama.m4a	00:00:01.25
en-uk_man.m4a	00:00:00.91
en-uk_mango.m4a	00:00:01.04
en-uk_mangoes.m4a	00:00:01.23
en-uk_manta.m4a	00:00:00.95
en-uk_many.m4a	00:00:00.84
en-uk_marble.m4a	00:00:00.91
en-uk_marched.m4a	00:00:01.09
en-uk_market.m4a	00:00:01.37
en-uk_masha.m4a	00:00:00.91
en-uk_match.m4a	00:00:01.16
en-uk_math.m4a	00:00:01.25
en-uk_may.m4a	00:00:00.84
en-uk_maybe.m4a	00:00:00.88
en-uk_me.m4a	00:00:00.65
en-uk_mean.m4a	00:00:00.93
en-uk_means.m4a	00:00:01.16
en-uk_meat.m4a	00:00:00.86
en-uk_meats.m4a	00:00:00.88
en-uk_medicine.m4a	00:00:01.25
en-uk_meet.m4a	00:00:00.86
en-uk_melon.m4a	00:00:00.91
en-uk_melons.m4a	00:00:01.18
en-uk_meow.m4a	00:00:00.93
en-uk_met.m4a	00:00:00.93
en-uk_metal.m4a	00:00:01.16
en-uk_mice.m4a	00:00:00.98
en-uk_middle.m4a	00:00:00.77
en-uk_might.m4a	00:00:01.11
en-uk_mighty.m4a	00:00:01.35
en-uk_milk.m4a	00:00:01.00
en-uk_milks.m4a	00:00:01.16
en-uk_minus.m4a	00:00:01.44
en-uk_minute.m4a	00:00:00.93
en-uk_minutes.m4a	00:00:01.25
en-uk_miss.m4a	00:00:00.95
en-uk_mom.m4a	00:00:00.84
en-uk_mom1s.m4a	00:00:01.11
en-uk_money.m4a	00:00:00.72
en-uk_monkey.m4a	00:00:01.00
en-uk_monkeys.m4a	00:00:01.18
en-uk_monsters.m4a	00:00:01.25
en-uk_moo.m4a	00:00:00.84
en-uk_mood.m4a	00:00:00.93
en-uk_moon.m4a	00:00:00.91
en-uk_moonlight.m4a	00:00:01.30
en-uk_more.m4a	00:00:00.77
en-uk_morning.m4a	00:00:01.04
en-uk_mosquitoes.m4a	00:00:01.60
en-uk_moss.m4a	00:00:01.30
en-uk_most.m4a	00:00:01.02
en-uk_mostly.m4a	00:00:01.28
en-uk_mother.m4a	00:00:00.84
en-uk_mother1s.m4a	00:00:01.14
en-uk_motorcycle.m4a	00:00:01.35
en-uk_mountain.m4a	00:00:01.35
en-uk_mountains.m4a	00:00:01.37
en-uk_mouse.m4a	00:00:01.00
en-uk_mouth.m4a	00:00:00.95
en-uk_mouths.m4a	00:00:01.35
en-uk_move.m4a	00:00:00.93
en-uk_moved.m4a	00:00:01.18
en-uk_movement.m4a	00:00:01.25
en-uk_moving.m4a	00:00:01.16
en-uk_much.m4a	00:00:01.16
en-uk_mule.m4a	00:00:00.91
en-uk_multiply.m4a	00:00:01.25
en-uk_musa.m4a	00:00:00.98
en-uk_mushrooms.m4a	00:00:01.70
en-uk_music.m4a	00:00:01.16
en-uk_must.m4a	00:00:01.04
en-uk_my.m4a	00:00:01.04
en-uk_name.m4a	00:00:01.25
en-uk_named.m4a	00:00:01.11
en-uk_nap.m4a	00:00:00.93
en-uk_nation.m4a	00:00:01.32
en-uk_national.m4a	00:00:01.51
en-uk_near.m4a	00:00:00.84
en-uk_neck.m4a	00:00:00.63
en-uk_need.m4a	00:00:00.98
en-uk_needed.m4a	00:00:01.14
en-uk_needs.m4a	00:00:01.18
en-uk_neema's.m4a	00:00:01.49
en-uk_neema.m4a	00:00:01.30
en-uk_nests.m4a	00:00:01.53
en-uk_never.m4a	00:00:00.91
en-uk_new.m4a	00:00:00.74
en-uk_next.m4a	00:00:01.18
en-uk_nia.m4a	00:00:00.81
en-uk_nice.m4a	00:00:00.95
en-uk_night.m4a	00:00:01.14
en-uk_nighttime.m4a	00:00:01.16
en-uk_nine.m4a	00:00:01.04
en-uk_no.m4a	00:00:00.84
en-uk_nobel.m4a	00:00:01.07
en-uk_nocturnal.m4a	00:00:01.37
en-uk_noise.m4a	00:00:01.21
en-uk_noon.m4a	00:00:00.95
en-uk_normally.m4a	00:00:01.04
en-uk_nose.m4a	00:00:01.09
en-uk_not.m4a	00:00:01.02
en-uk_nothing.m4a	00:00:01.04
en-uk_now.m4a	00:00:00.84
en-uk_numbers.m4a	00:00:01.37
en-uk_nyerere.m4a	00:00:01.53
en-uk_o'clock.m4a	00:00:01.16
en-uk_ocean.m4a	00:00:01.28
en-uk_octopus.m4a	00:00:01.46
en-uk_of.m4a	00:00:00.70
en-uk_off.m4a	00:00:00.88
en-uk_oh.m4a	00:00:00.58
en-uk_oink.m4a	00:00:00.72
en-uk_old.m4a	00:00:00.88
en-uk_on.m4a	00:00:00.67
en-uk_once.m4a	00:00:01.09
en-uk_one.m4a	00:00:00.84
en-uk_onions.m4a	00:00:01.51
en-uk_only.m4a	00:00:00.93
en-uk_onto.m4a	00:00:00.98
en-uk_open.m4a	00:00:01.16
en-uk_opposites.m4a	00:00:01.16
en-uk_or.m4a	00:00:00.63
en-uk_orange.m4a	00:00:01.16
en-uk_oranges.m4a	00:00:01.18
en-uk_order.m4a	00:00:00.84
en-uk_other.m4a	00:00:00.74
en-uk_our.m4a	00:00:00.70
en-uk_out.m4a	00:00:00.86
en-uk_outside.m4a	00:00:01.21
en-uk_oval.m4a	00:00:00.88
en-uk_over.m4a	00:00:00.84
en-uk_owl.m4a	00:00:00.65
en-uk_own.m4a	00:00:00.88
en-uk_pack.m4a	00:00:01.30
en-uk_packed.m4a	00:00:00.95
en-uk_pails.m4a	00:00:01.09
en-uk_paint.m4a	00:00:00.93
en-uk_painters.m4a	00:00:01.11
en-uk_painting.m4a	00:00:01.04
en-uk_pair.m4a	00:00:00.79
en-uk_pairs.m4a	00:00:01.00
en-uk_pants.m4a	00:00:01.04
en-uk_papa.m4a	00:00:01.30
en-uk_papayas.m4a	00:00:01.21
en-uk_paper.m4a	00:00:00.93
en-uk_parents.m4a	00:00:01.23
en-uk_part.m4a	00:00:01.32
en-uk_pass.m4a	00:00:01.00
en-uk_passed.m4a	00:00:01.02
en-uk_passes.m4a	00:00:01.11
en-uk_past.m4a	00:00:01.07
en-uk_paul's.m4a	00:00:01.16
en-uk_paul.m4a	00:00:01.16
en-uk_paws.m4a	00:00:00.93
en-uk_pay.m4a	00:00:01.16
en-uk_peace.m4a	00:00:00.98
en-uk_pebbles.m4a	00:00:01.32
en-uk_pedals.m4a	00:00:01.04
en-uk_pencil.m4a	00:00:00.91
en-uk_people.m4a	00:00:00.95
en-uk_perfect.m4a	00:00:01.28
en-uk_perfectly.m4a	00:00:01.16
en-uk_person.m4a	00:00:01.07
en-uk_persons.m4a	00:00:01.25
en-uk_pick.m4a	00:00:00.72
en-uk_picked.m4a	00:00:00.84
en-uk_picks.m4a	00:00:01.04
en-uk_picture.m4a	00:00:00.95
en-uk_pictures.m4a	00:00:01.30
en-uk_pig.m4a	00:00:00.77
en-uk_pigs.m4a	00:00:01.32
en-uk_pilot.m4a	00:00:01.09
en-uk_pilots.m4a	00:00:01.25
en-uk_pink.m4a	00:00:00.91
en-uk_place.m4a	00:00:01.02
en-uk_plan.m4a	00:00:00.91
en-uk_plane.m4a	00:00:00.93
en-uk_planes.m4a	00:00:01.30
en-uk_planet.m4a	00:00:01.00
en-uk_plant.m4a	00:00:01.09
en-uk_planted.m4a	00:00:01.16
en-uk_plants.m4a	00:00:01.04
en-uk_plate.m4a	00:00:01.32
en-uk_play.m4a	00:00:00.86
en-uk_played.m4a	00:00:00.93
en-uk_playground.m4a	00:00:01.25
en-uk_playing.m4a	00:00:00.93
en-uk_plays.m4a	00:00:01.04
en-uk_please.m4a	00:00:01.04
en-uk_plums.m4a	00:00:01.23
en-uk_plus.m4a	00:00:01.39
en-uk_point.m4a	00:00:01.07
en-uk_pointing.m4a	00:00:01.35
en-uk_points.m4a	00:00:01.11
en-uk_police.m4a	00:00:01.35
en-uk_pomegranates.m4a	00:00:01.30
en-uk_pond.m4a	00:00:01.00
en-uk_porridge.m4a	00:00:01.35
en-uk_pours.m4a	00:00:01.02
en-uk_precious.m4a	00:00:01.16
en-uk_president.m4a	00:00:01.30
en-uk_pretend.m4a	00:00:01.23
en-uk_pretended.m4a	00:00:01.28
en-uk_pretty.m4a	00:00:00.74
en-uk_prickly.m4a	00:00:00.86
en-uk_princess.m4a	00:00:01.32
en-uk_prize.m4a	00:00:01.09
en-uk_problems.m4a	00:00:01.14
en-uk_pronounce.m4a	00:00:01.35
en-uk_pronounced.m4a	00:00:01.39
en-uk_protected.m4a	00:00:01.32
en-uk_protecting.m4a	00:00:01.32
en-uk_protects.m4a	00:00:01.53
en-uk_proud.m4a	00:00:00.98
en-uk_pull.m4a	00:00:01.32
en-uk_purple.m4a	00:00:00.88
en-uk_put.m4a	00:00:00.79
en-uk_quack.m4a	00:00:00.63
en-uk_quickly.m4a	00:00:01.14
en-uk_rabbit.m4a	00:00:01.04
en-uk_raced.m4a	00:00:01.00
en-uk_rain.m4a	00:00:01.04
en-uk_rainbow.m4a	00:00:01.23
en-uk_raincoat.m4a	00:00:01.53
en-uk_raindrops.m4a	00:00:01.88
en-uk_rains.m4a	00:00:01.32
en-uk_rainy.m4a	00:00:00.98
en-uk_raising.m4a	00:00:01.14
en-uk_ran.m4a	00:00:00.88
en-uk_rat.m4a	00:00:00.81
en-uk_rats.m4a	00:00:00.95
en-uk_ray.m4a	00:00:00.79
en-uk_reach.m4a	00:00:00.98
en-uk_reached.m4a	00:00:01.02
en-uk_reaches.m4a	00:00:01.25
en-uk_read.m4a	00:00:00.84
en-uk_reading.m4a	00:00:01.35
en-uk_reads.m4a	00:00:01.16
en-uk_ready.m4a	00:00:01.11
en-uk_realized.m4a	00:00:01.46
en-uk_really.m4a	00:00:00.79
en-uk_rebuilt.m4a	00:00:01.25
en-uk_rectangle.m4a	00:00:01.28
en-uk_red.m4a	00:00:00.72
en-uk_remember.m4a	00:00:00.72
en-uk_remembered.m4a	00:00:01.35
en-uk_reminded.m4a	00:00:01.35
en-uk_rest.m4a	00:00:00.88
en-uk_resting.m4a	00:00:01.14
en-uk_rhino.m4a	00:00:01.14
en-uk_rice.m4a	00:00:01.00
en-uk_ride.m4a	00:00:01.04
en-uk_rides.m4a	00:00:01.35
en-uk_riding.m4a	00:00:00.84
en-uk_right.m4a	00:00:00.93
en-uk_rights.m4a	00:00:01.11
en-uk_ripe.m4a	00:00:00.86
en-uk_ripen.m4a	00:00:01.07
en-uk_rise.m4a	00:00:01.09
en-uk_rising.m4a	00:00:01.09
en-uk_river.m4a	00:00:01.30
en-uk_rivers.m4a	00:00:01.30
en-uk_road.m4a	00:00:01.30
en-uk_roar.m4a	00:00:00.86
en-uk_roared.m4a	00:00:01.07
en-uk_robot.m4a	00:00:01.09
en-uk_rock.m4a	00:00:00.98
en-uk_rocket.m4a	00:00:01.07
en-uk_rockets.m4a	00:00:01.16
en-uk_rode.m4a	00:00:00.98
en-uk_rods.m4a	00:00:01.04
en-uk_rolled.m4a	00:00:01.00
en-uk_rolls.m4a	00:00:01.32
en-uk_roof.m4a	00:00:00.88
en-uk_room.m4a	00:00:00.86
en-uk_roots.m4a	00:00:00.95
en-uk_rose.m4a	00:00:01.11
en-uk_round.m4a	00:00:01.02
en-uk_rumbled.m4a	00:00:01.18
en-uk_run.m4a	00:00:00.84
en-uk_running.m4a	00:00:00.93
en-uk_runs.m4a	00:00:01.18
en-uk_rushed.m4a	00:00:01.07
en-uk_ruth.m4a	00:00:00.86
en-uk_sad.m4a	00:00:01.00
en-uk_safe.m4a	00:00:01.00
en-uk_said.m4a	00:00:00.91
en-uk_salma.m4a	00:00:01.30
en-uk_salt.m4a	00:00:01.46
en-uk_same.m4a	00:00:01.07
en-uk_sand.m4a	00:00:01.09
en-uk_sang.m4a	00:00:00.91
en-uk_sat.m4a	00:00:01.02
en-uk_savanna.m4a	00:00:01.04
en-uk_savannah.m4a	00:00:01.46
en-uk_save.m4a	00:00:00.98
en-uk_saw.m4a	00:00:00.88
en-uk_say.m4a	00:00:00.93
en-uk_says.m4a	00:00:01.04
en-uk_scare.m4a	00:00:01.02
en-uk_scared.m4a	00:00:01.21
en-uk_scary.m4a	00:00:00.95
en-uk_school.m4a	00:00:00.88
en-uk_schools.m4a	00:00:01.23
en-uk_scowled.m4a	00:00:01.21
en-uk_sea.m4a	00:00:00.84
en-uk_seahorse.m4a	00:00:01.60
en-uk_second.m4a	00:00:01.04
en-uk_see.m4a	00:00:00.84
en-uk_seed.m4a	00:00:01.30
en-uk_seeds.m4a	00:00:01.16
en-uk_seek.m4a	00:00:00.91
en-uk_seem.m4a	00:00:01.16
en-uk_seen.m4a	00:00:01.04
en-uk_sees.m4a	00:00:01.11
en-uk_sell.m4a	00:00:00.91
en-uk_sellers.m4a	00:00:01.16
en-uk_sends.m4a	00:00:01.21
en-uk_senses.m4a	00:00:01.42
en-uk_serves.m4a	00:00:01.23
en-uk_setting.m4a	00:00:01.02
en-uk_seven.m4a	00:00:01.04
en-uk_seventh.m4a	00:00:01.18
en-uk_several.m4a	00:00:01.02
en-uk_shaaban.m4a	00:00:01.07
en-uk_shape.m4a	00:00:01.16
en-uk_shapes.m4a	00:00:01.30
en-uk_shark.m4a	00:00:00.93
en-uk_she.m4a	00:00:00.98
en-uk_sheep.m4a	00:00:00.95
en-uk_shelf.m4a	00:00:00.88
en-uk_shell.m4a	00:00:00.91
en-uk_shillings.m4a	00:00:01.39
en-uk_shined.m4a	00:00:01.32
en-uk_shining.m4a	00:00:01.07
en-uk_shirt.m4a	00:00:01.18
en-uk_shirts.m4a	00:00:01.14
en-uk_shoes.m4a	00:00:01.04
en-uk_shook.m4a	00:00:01.04
en-uk_shop.m4a	00:00:00.91
en-uk_short.m4a	00:00:01.02
en-uk_shorts.m4a	00:00:01.11
en-uk_shot.m4a	00:00:00.98
en-uk_should.m4a	00:00:00.81
en-uk_shoulders.m4a	00:00:01.23
en-uk_shouted.m4a	00:00:01.14
en-uk_show.m4a	00:00:00.88
en-uk_shrubs.m4a	00:00:01.18
en-uk_shy.m4a	00:00:01.04
en-uk_sick.m4a	00:00:01.02
en-uk_sides.m4a	00:00:01.07
en-uk_sight.m4a	00:00:01.32
en-uk_sign.m4a	00:00:01.32
en-uk_signing.m4a	00:00:01.28
en-uk_signs.m4a	00:00:01.58
en-uk_silly.m4a	00:00:00.84
en-uk_simon.m4a	00:00:01.04
en-uk_simple.m4a	00:00:01.16
en-uk_sing.m4a	00:00:00.91
en-uk_singing.m4a	00:00:00.98
en-uk_sings.m4a	00:00:01.21
en-uk_sister's.m4a	00:00:01.39
en-uk_sister.m4a	00:00:00.95
en-uk_sit.m4a	00:00:01.30
en-uk_sits.m4a	00:00:01.02
en-uk_sitting.m4a	00:00:01.23
en-uk_six.m4a	00:00:01.18
en-uk_sixth.m4a	00:00:01.00
en-uk_size.m4a	00:00:01.16
en-uk_skin.m4a	00:00:01.00
en-uk_skinny.m4a	00:00:01.02
en-uk_skirts.m4a	00:00:01.16
en-uk_sky.m4a	00:00:00.95
en-uk_sleep.m4a	00:00:01.09
en-uk_sleeping.m4a	00:00:01.16
en-uk_sleepy.m4a	00:00:00.98
en-uk_sleepyhead.m4a	00:00:01.32
en-uk_slept.m4a	00:00:01.44
en-uk_slide.m4a	00:00:01.07
en-uk_slowly.m4a	00:00:01.02
en-uk_small.m4a	00:00:00.98
en-uk_smell.m4a	00:00:01.39
en-uk_smells.m4a	00:00:01.25
en-uk_smile.m4a	00:00:00.98
en-uk_smiled.m4a	00:00:01.11
en-uk_smiling.m4a	00:00:01.18
en-uk_snack.m4a	00:00:01.11
en-uk_snail.m4a	00:00:00.93
en-uk_snake.m4a	00:00:01.07
en-uk_snakes.m4a	00:00:01.16
en-uk_snooze.m4a	00:00:01.21
en-uk_snow.m4a	00:00:01.39
en-uk_snug.m4a	00:00:01.16
en-uk_so.m4a	00:00:00.86
en-uk_soap.m4a	00:00:00.63
en-uk_sock.m4a	00:00:01.07
en-uk_socks.m4a	00:00:01.18
en-uk_soil.m4a	00:00:00.91
en-uk_solve.m4a	00:00:01.16
en-uk_some.m4a	00:00:00.88
en-uk_someday.m4a	00:00:01.14
en-uk_someone.m4a	00:00:01.28
en-uk_something.m4a	00:00:01.11
en-uk_sometimes.m4a	00:00:01.49
en-uk_son.m4a	00:00:00.84
en-uk_song.m4a	00:00:00.88
en-uk_songs.m4a	00:00:01.39
en-uk_soon.m4a	00:00:00.93
en-uk_sorry.m4a	00:00:00.91
en-uk_sound.m4a	00:00:01.09
en-uk_sounds.m4a	00:00:01.30
en-uk_soup.m4a	00:00:01.00
en-uk_sour.m4a	00:00:01.02
en-uk_space.m4a	00:00:01.23
en-uk_spider.m4a	00:00:01.11
en-uk_spinach.m4a	00:00:01.39
en-uk_splash.m4a	00:00:01.25
en-uk_spoon.m4a	00:00:01.21
en-uk_sports.m4a	00:00:01.11
en-uk_spots.m4a	00:00:01.25
en-uk_spray.m4a	00:00:01.39
en-uk_spread.m4a	00:00:01.09
en-uk_square.m4a	00:00:01.00
en-uk_squirrel.m4a	00:00:00.95
en-uk_squirrels.m4a	00:00:01.39
en-uk_stairs.m4a	00:00:01.16
en-uk_stamp.m4a	00:00:00.91
en-uk_star.m4a	00:00:00.93
en-uk_starfish.m4a	00:00:01.46
en-uk_stars.m4a	00:00:00.95
en-uk_start.m4a	00:00:01.14
en-uk_starts.m4a	00:00:01.23
en-uk_states.m4a	00:00:01.21
en-uk_step.m4a	00:00:01.39
en-uk_stepped.m4a	00:00:01.02
en-uk_steps.m4a	00:00:01.44
en-uk_stick.m4a	00:00:01.35
en-uk_sticking.m4a	00:00:01.07
en-uk_sticks.m4a	00:00:01.14
en-uk_still.m4a	00:00:00.95
en-uk_stole.m4a	00:00:00.95
en-uk_stomach.m4a	00:00:01.23
en-uk_stomped.m4a	00:00:01.18
en-uk_stop.m4a	00:00:00.72
en-uk_stopped.m4a	00:00:01.09
en-uk_store.m4a	00:00:01.30
en-uk_stories.m4a	00:00:01.42
en-uk_storm.m4a	00:00:01.07
en-uk_stormy.m4a	00:00:01.53
en-uk_straight.m4a	00:00:01.11
en-uk_strange.m4a	00:00:01.30
en-uk_stream.m4a	00:00:01.07
en-uk_street.m4a	00:00:01.14
en-uk_stretch.m4a	00:00:01.30
en-uk_stripes.m4a	00:00:01.30
en-uk_strong.m4a	00:00:01.04
en-uk_stuck.m4a	00:00:01.14
en-uk_students.m4a	00:00:01.30
en-uk_subjects.m4a	00:00:01.39
en-uk_subtraction.m4a	00:00:01.67
en-uk_suddenly.m4a	00:00:00.98
en-uk_summoned.m4a	00:00:01.09
en-uk_sun.m4a	00:00:00.88
en-uk_sunny.m4a	00:00:01.30
en-uk_suns.m4a	00:00:01.16
en-uk_sunshine.m4a	00:00:01.25
en-uk_super.m4a	00:00:00.95
en-uk_support.m4a	00:00:01.18
en-uk_surprise.m4a	00:00:01.32
en-uk_surprised.m4a	00:00:01.58
en-uk_survive.m4a	00:00:01.30
en-uk_swahili.m4a	00:00:01.56
en-uk_swam.m4a	00:00:00.98
en-uk_sweet.m4a	00:00:01.04
en-uk_swim.m4a	00:00:00.93
en-uk_swimming.m4a	00:00:00.98
en-uk_swims.m4a	00:00:01.23
en-uk_table.m4a	00:00:00.84
en-uk_tai.m4a	00:00:00.72
en-uk_take.m4a	00:00:00.84
en-uk_takes.m4a	00:00:01.02
en-uk_talk.m4a	00:00:00.86
en-uk_tall.m4a	00:00:00.72
en-uk_tanzania.m4a	00:00:01.53
en-uk_tapped.m4a	00:00:00.93
en-uk_taste.m4a	00:00:01.00
en-uk_tasty.m4a	00:00:00.93
en-uk_teacher.m4a	00:00:00.93
en-uk_tears.m4a	00:00:00.95
en-uk_teeth.m4a	00:00:00.79
en-uk_tell.m4a	00:00:00.79
en-uk_tells.m4a	00:00:01.07
en-uk_ten.m4a	00:00:00.86
en-uk_tent.m4a	00:00:01.11
en-uk_than.m4a	00:00:00.86
en-uk_thank.m4a	00:00:00.98
en-uk_thanked.m4a	00:00:01.02
en-uk_thankful.m4a	00:00:01.09
en-uk_thanks.m4a	00:00:01.02
en-uk_that.m4a	00:00:00.91
en-uk_the.m4a	00:00:00.84
en-uk_their.m4a	00:00:00.79
en-uk_them.m4a	00:00:00.84
en-uk_themselves.m4a	00:00:01.49
en-uk_then.m4a	00:00:00.77
en-uk_there.m4a	00:00:00.84
en-uk_these.m4a	00:00:01.04
en-uk_they.m4a	00:00:00.84
en-uk_thick.m4a	00:00:00.86
en-uk_things.m4a	00:00:01.21
en-uk_think.m4a	00:00:01.44
en-uk_thinks.m4a	00:00:01.00
en-uk_third.m4a	00:00:00.93
en-uk_thirsty.m4a	00:00:01.18
en-uk_this.m4a	00:00:01.00
en-uk_those.m4a	00:00:01.09
en-uk_though.m4a	00:00:00.81
en-uk_thought.m4a	00:00:00.98
en-uk_thousand.m4a	00:00:01.60
en-uk_three.m4a	00:00:00.98
en-uk_through.m4a	00:00:00.88
en-uk_throw.m4a	00:00:01.44
en-uk_tie.m4a	00:00:00.79
en-uk_till.m4a	00:00:00.70
en-uk_time.m4a	00:00:00.88
en-uk_times.m4a	00:00:01.28
en-uk_tina.m4a	00:00:01.49
en-uk_tingled.m4a	00:00:01.04
en-uk_tiny.m4a	00:00:01.49
en-uk_tired.m4a	00:00:00.98
en-uk_tires.m4a	00:00:01.00
en-uk_to.m4a	00:00:00.74
en-uk_today.m4a	00:00:00.84
en-uk_toes.m4a	00:00:01.49
en-uk_together.m4a	00:00:00.95
en-uk_told.m4a	00:00:00.91
en-uk_tomatoes.m4a	00:00:01.49
en-uk_tongue.m4a	00:00:01.35
en-uk_too.m4a	00:00:00.72
en-uk_took.m4a	00:00:00.72
en-uk_tools.m4a	00:00:01.02
en-uk_top.m4a	00:00:00.46
en-uk_touch.m4a	00:00:00.98
en-uk_tough.m4a	00:00:01.35
en-uk_town.m4a	00:00:01.16
en-uk_toys.m4a	00:00:01.09
en-uk_tracks.m4a	00:00:01.18
en-uk_train.m4a	00:00:01.04
en-uk_trapped.m4a	00:00:01.07
en-uk_traveled.m4a	00:00:01.04
en-uk_treats.m4a	00:00:01.07
en-uk_tree.m4a	00:00:00.84
en-uk_trees.m4a	00:00:01.07
en-uk_triangle.m4a	00:00:01.14
en-uk_tricked.m4a	00:00:00.91
en-uk_tried.m4a	00:00:00.98
en-uk_tries.m4a	00:00:01.02
en-uk_tripped.m4a	00:00:00.93
en-uk_trouble.m4a	00:00:00.84
en-uk_truck.m4a	00:00:00.95
en-uk_trunk.m4a	00:00:00.93
en-uk_trunks.m4a	00:00:01.51
en-uk_try.m4a	00:00:00.81
en-uk_trying.m4a	00:00:00.95
en-uk_tug.m4a	00:00:00.84
en-uk_tumo.m4a	00:00:00.95
en-uk_tumo1s.m4a	00:00:01.14
en-uk_turn.m4a	00:00:00.84
en-uk_turtle.m4a	00:00:00.88
en-uk_tusks.m4a	00:00:01.51
en-uk_twelve.m4a	00:00:01.51
en-uk_twisted.m4a	00:00:01.00
en-uk_two.m4a	00:00:00.84
en-uk_types.m4a	00:00:01.07
en-uk_uganda.m4a	00:00:01.51
en-uk_uh.m4a	00:00:00.60
en-uk_uncle.m4a	00:00:00.86
en-uk_under.m4a	00:00:00.84
en-uk_understand.m4a	00:00:01.51
en-uk_understanding.m4a	00:00:02.07
en-uk_unhappy.m4a	00:00:01.11
en-uk_united.m4a	00:00:01.23
en-uk_university.m4a	00:00:01.35
en-uk_until.m4a	00:00:01.04
en-uk_up.m4a	00:00:00.84
en-uk_upset.m4a	00:00:01.21
en-uk_upstairs.m4a	00:00:01.16
en-uk_us.m4a	00:00:00.84
en-uk_use.m4a	00:00:01.04
en-uk_used.m4a	00:00:00.98
en-uk_uses.m4a	00:00:01.32
en-uk_usual.m4a	00:00:00.86
en-uk_van.m4a	00:00:00.77
en-uk_vegetable.m4a	00:00:01.32
en-uk_vegetables.m4a	00:00:01.25
en-uk_very.m4a	00:00:00.84
en-uk_village.m4a	00:00:00.98
en-uk_villagers.m4a	00:00:01.04
en-uk_vitamins.m4a	00:00:01.16
en-uk_wahn.m4a	00:00:00.81
en-uk_waist.m4a	00:00:00.98
en-uk_waiting.m4a	00:00:01.32
en-uk_wake.m4a	00:00:00.98
en-uk_wakes.m4a	00:00:01.30
en-uk_waking.m4a	00:00:01.02
en-uk_walk..m4a	00:00:00.86
en-uk_walk.m4a	00:00:00.93
en-uk_walked.m4a	00:00:00.93
en-uk_walks.m4a	00:00:01.07
en-uk_wall.m4a	00:00:00.79
en-uk_wangari.m4a	00:00:01.35
en-uk_want.m4a	00:00:01.04
en-uk_wanted.m4a	00:00:01.00
en-uk_wants.m4a	00:00:00.98
en-uk_warm.m4a	00:00:00.93
en-uk_warthogs.m4a	00:00:01.37
en-uk_was.m4a	00:00:00.86
en-uk_wash.m4a	00:00:00.86
en-uk_washed.m4a	00:00:01.00
en-uk_washes.m4a	00:00:01.30
en-uk_wasn't.m4a	00:00:01.30
en-uk_wasn1t.m4a	00:00:01.04
en-uk_watch.m4a	00:00:00.95
en-uk_watched.m4a	00:00:01.00
en-uk_water.m4a	00:00:00.86
en-uk_watering.m4a	00:00:01.04
en-uk_watermelons.m4a	00:00:01.76
en-uk_waved.m4a	00:00:01.02
en-uk_waving.m4a	00:00:00.98
en-uk_way.m4a	00:00:00.79
en-uk_we.m4a	00:00:00.72
en-uk_wearing.m4a	00:00:01.14
en-uk_weather.m4a	00:00:01.60
en-uk_weeks.m4a	00:00:00.95
en-uk_weigh.m4a	00:00:01.35
en-uk_welcome.m4a	00:00:00.93
en-uk_welcomed.m4a	00:00:01.18
en-uk_well.m4a	00:00:01.39
en-uk_went.m4a	00:00:00.86
en-uk_were.m4a	00:00:00.74
en-uk_wet.m4a	00:00:01.35
en-uk_what's.m4a	00:00:01.00
en-uk_what.m4a	00:00:00.95
en-uk_what1s.m4a	00:00:01.00
en-uk_when.m4a	00:00:00.84
en-uk_where.m4a	00:00:00.88
en-uk_which.m4a	00:00:00.91
en-uk_while.m4a	00:00:01.32
en-uk_white.m4a	00:00:00.88
en-uk_who.m4a	00:00:00.70
en-uk_whole.m4a	00:00:00.84
en-uk_why.m4a	00:00:00.86
en-uk_wild.m4a	00:00:01.07
en-uk_will.m4a	00:00:00.84
en-uk_win.m4a	00:00:00.79
en-uk_window.m4a	00:00:01.35
en-uk_windy.m4a	00:00:01.32
en-uk_wing.m4a	00:00:01.32
en-uk_wings.m4a	00:00:01.23
en-uk_winter.m4a	00:00:00.88
en-uk_wire.m4a	00:00:00.86
en-uk_wish.m4a	00:00:00.91
en-uk_with.m4a	00:00:00.81
en-uk_without.m4a	00:00:01.04
en-uk_woke.m4a	00:00:00.91
en-uk_woman.m4a	00:00:00.81
en-uk_women.m4a	00:00:00.88
en-uk_wonderful.m4a	00:00:01.09
en-uk_wonders.m4a	00:00:01.16
en-uk_wood.m4a	00:00:01.32
en-uk_woof.m4a	00:00:00.74
en-uk_word.m4a	00:00:00.93
en-uk_words.m4a	00:00:01.44
en-uk_work.m4a	00:00:01.18
en-uk_worked.m4a	00:00:01.00
en-uk_works.m4a	00:00:01.44
en-uk_world.m4a	00:00:00.95
en-uk_worm.m4a	00:00:00.86
en-uk_worried.m4a	00:00:00.88
en-uk_worries.m4a	00:00:00.93
en-uk_would.m4a	00:00:00.91
en-uk_wrinkly.m4a	00:00:01.44
en-uk_write.m4a	00:00:01.09
en-uk_writes.m4a	00:00:01.32
en-uk_wrong.m4a	00:00:00.86
en-uk_wrote.m4a	00:00:01.16
en-uk_x.m4a	00:00:01.28
en-uk_year.m4a	00:00:00.86
en-uk_years.m4a	00:00:01.35
en-uk_yelled.m4a	00:00:01.00
en-uk_yellow.m4a	00:00:01.04
en-uk_yells.m4a	00:00:01.37
en-uk_yes.m4a	00:00:01.04
en-uk_yet.m4a	00:00:00.95
en-uk_yolk.m4a	00:00:01.07
en-uk_you.m4a	00:00:00.70
en-uk_young.m4a	00:00:00.86
en-uk_your.m4a	00:00:00.79
en-uk_yummy.m4a	00:00:00.60
en-uk_zebra.m4a	00:00:01.02
en-uk_zebras.m4a	00:00:01.14