alphabetpuzzle.m4a	00:00:01.56
animalpuzzle.m4a	00:00:01.35
birdphonics.m4a	00:00:01.58
bookwithquiz.m4a	00:00:02.07
comprehension.m4a	00:00:01.46
counting.m4a	00:00:01.00
doubledigit.m4a	00:00:01.56
equationmaker.m4a	00:00:01.53
feedingtime.m4a	00:00:01.42
findthematch.m4a	00:00:01.67
fishtank.m4a	00:00:01.28
hundredpuzzle.m4a	00:00:01.76
labeling.m4a	00:00:01.37
lettermatching.m4a	00:00:01.74
lettertrace.m4a	00:00:01.46
lettertracingcard.m4a	00:00:02.00
linematching.m4a	00:00:01.74
mangoshop.m4a	00:00:01.39
mathkicker.m4a	00:00:01.58
missingnumber.m4a	00:00:01.49
movinginsects.m4a	00:00:01.18
multiplicationlamp.m4a	00:00:02.16
numbermatching.m4a	00:00:01.70
numberpuzzle.m4a	00:00:01.51
numbertracing.m4a	00:00:01.83
numbertracingext.m4a	00:00:01.58
numbertrain.m4a	00:00:01.44
patterntrain.m4a	00:00:01.51
placevalue.m4a	00:00:01.49
quickfacts.m4a	00:00:01.70
readingbird.m4a	00:00:01.39
sentencebridge.m4a	00:00:02.04
sentencemaker.m4a	00:00:01.63
shapematching.m4a	00:00:01.65
soundtrain.m4a	00:00:01.58
spelling.m4a	00:00:01.00
starfall.m4a	00:00:00.93
tapping.m4a	00:00:00.84
thirtypuzzle.m4a	00:00:01.63
tutorialtrace.m4a	00:00:01.53
whatisthis.m4a	00:00:01.42
wordkicker.m4a	00:00:01.51
wordmachine.m4a	00:00:01.49
wordmatrix.m4a	00:00:01.83
wordnote.m4a	00:00:01.65
wordtracing.m4a	00:00:01.70
wordwindow.m4a	00:00:01.70